Workbook

Sheet Paramètres
A1: LES ROIS DU SAHEL
A3: Discipline · Travail · Succès — Gestion des scolarités
A5: Nom de l'établissement | C5: École Les Rois du Sahel
A6: Adresse
A7: Ville / Pays | C7: Niamey, Niger
A8: Téléphone
A9: E-mail
A10: Directeur / Directrice
A11: Année scolaire | C11: 2025-2026
A12: Devise | C12: FCFA
A13: Tableau des scolarités et frais d'inscription (modifiable par classe) :
A14: Classe | B14: Cycle | C14: Scolarité annuelle | D14: Frais d'inscription
A15: Petite section | B15: Maternelle | C15: 150000 | D15: 1000
A16: Grande section | B16: Maternelle | C16: 150000 | D16: 1000
A17: CI | B17: Primaire | C17: 150000 | D17: 1000
A18: CP | B18: Primaire | C18: 150000 | D18: 1000
A19: CE1 | B19: Primaire | C19: 150000 | D19: 1000
A20: CE2 | B20: Primaire | C20: 150000 | D20: 1000
A21: CM1 | B21: Primaire | C21: 150000 | D21: 1000
A22: CM2 | B22: Primaire | C22: 150000 | D22: 1000
A23: 6e | B23: Collège | C23: 150000 | D23: 3000
A24: 5e | B24: Collège | C24: 150000 | D24: 3000
A25: 4e | B25: Collège | C25: 150000 | D25: 3000
A26: 3e | B26: Collège | C26: 150000 | D26: 3000
... A31: Terminale D | B31: Lycée | C31: 150000 | D31: 3000
A33: Mode d'emploi : • Cellules JAUNES = montants à saisir. Ne modifiez pas les colonnes calculées (grises). • N'insérez pas de ligne/colonne dans les tableaux (préserve les formules). • Saisissez les élèves dans la feuille de leur classe (onglets « Classe … », 80 élèves maximum par classe). • « Liste des élèves » est un registre général automatique (lecture seule) : récap, tableau de bord et impayés s'en servent. • Onglet « Reçu de paiement » : tapez un matricule ; 2 reçus (parent + souche) s'impriment sur une feuille A4.

Sheet Classe Petite section
A1: ="INSCRIPTIONS — "&Paramètres!$A$15 -> INSCRIPTIONS — Petite section
A2: ="Année scolaire "&Paramètres!$C$11&" • Effectif : "&COUNTIF($B$4:$B$83,"?*")&" • Cellules jaunes = montants à saisir ; colonnes grises = calcul automatique" -> Année scolaire 2025-2026 • Effectif : 0 • Cellules jaunes = montants à saisir ; colonnes grises = calcul automatique
A3: Matricule | B3: Nom | C3: Prénom(s) | D3: Sexe | E3: Date de naissance | F3: Nom du tuteur | G3: Téléphone | H3: Scolarité due | I3: Tranche 1 | J3: Tranche 2 | K3: Tranche 3 | L3: Total payé | M3: Reste à payer | N3: Inscription due | O3: Inscription payée | P3: Reste inscription | Q3: Statut | R3: Nouveau / Ancien
H4: =IF($B4="","",Paramètres!$C$15) | L4: =IF($B4="","",SUM(I4:K4)) | M4: =IF($B4="","",H4-L4) | N4: =IF($B4="","",IF(R4="Ancien",0,Paramètres!$D$15)) | P4: =IF($B4="","",N4-O4) | Q4: =IF($B4="","",IF(AND(M4<=0,P4<=0),"Soldé","En retard"))
H5: =IF($B5="","",Paramètres!$C$15) | L5: =IF($B5="","",SUM(I5:K5)) | M5: =IF($B5="","",H5-L5) | N5: =IF($B5="","",IF(R5="Ancien",0,Paramètres!$D$15)) | P5: =IF($B5="","",N5-O5) | Q5: =IF($B5="","",IF(AND(M5<=0,P5<=0),"Soldé","En retard"))
H6: =IF($B6="","",Paramètres!$C$15) | L6: =IF($B6="","",SUM(I6:K6)) | M6: =IF($B6="","",H6-L6) | N6: =IF($B6="","",IF(R6="Ancien",0,Paramètres!$D$15)) | P6: =IF($B6="","",N6-O6) | Q6: =IF($B6="","",IF(AND(M6<=0,P6<=0),"Soldé","En retard"))
H7: =IF($B7="","",Paramètres!$C$15) | L7: =IF($B7="","",SUM(I7:K7)) | M7: =IF($B7="","",H7-L7) | N7: =IF($B7="","",IF(R7="Ancien",0,Paramètres!$D$15)) | P7: =IF($B7="","",N7-O7) | Q7: =IF($B7="","",IF(AND(M7<=0,P7<=0),"Soldé","En retard"))
H8: =IF($B8="","",Paramètres!$C$15) | L8: =IF($B8="","",SUM(I8:K8)) | M8: =IF($B8="","",H8-L8) | N8: =IF($B8="","",IF(R8="Ancien",0,Paramètres!$D$15)) | P8: =IF($B8="","",N8-O8) | Q8: =IF($B8="","",IF(AND(M8<=0,P8<=0),"Soldé","En retard"))
H9: =IF($B9="","",Paramètres!$C$15) | L9: =IF($B9="","",SUM(I9:K9)) | M9: =IF($B9="","",H9-L9) | N9: =IF($B9="","",IF(R9="Ancien",0,Paramètres!$D$15)) | P9: =IF($B9="","",N9-O9) | Q9: =IF($B9="","",IF(AND(M9<=0,P9<=0),"Soldé","En retard"))
H10: =IF($B10="","",Paramètres!$C$15) | L10: =IF($B10="","",SUM(I10:K10)) | M10: =IF($B10="","",H10-L10) | N10: =IF($B10="","",IF(R10="Ancien",0,Paramètres!$D$15)) | P10: =IF($B10="","",N10-O10) | Q10: =IF($B10="","",IF(AND(M10<=0,P10<=0),"Soldé","En retard"))
H11: =IF($B11="","",Paramètres!$C$15) | L11: =IF($B11="","",SUM(I11:K11)) | M11: =IF($B11="","",H11-L11) | N11: =IF($B11="","",IF(R11="Ancien",0,Paramètres!$D$15)) | P11: =IF($B11="","",N11-O11) | Q11: =IF($B11="","",IF(AND(M11<=0,P11<=0),"Soldé","En retard"))
H12: =IF($B12="","",Paramètres!$C$15) | L12: =IF($B12="","",SUM(I12:K12)) | M12: =IF($B12="","",H12-L12) | N12: =IF($B12="","",IF(R12="Ancien",0,Paramètres!$D$15)) | P12: =IF($B12="","",N12-O12) | Q12: =IF($B12="","",IF(AND(M12<=0,P12<=0),"Soldé","En retard"))
H13: =IF($B13="","",Paramètres!$C$15) | L13: =IF($B13="","",SUM(I13:K13)) | M13: =IF($B13="","",H13-L13) | N13: =IF($B13="","",IF(R13="Ancien",0,Paramètres!$D$15)) | P13: =IF($B13="","",N13-O13) | Q13: =IF($B13="","",IF(AND(M13<=0,P13<=0),"Soldé","En retard"))
H14: =IF($B14="","",Paramètres!$C$15) | L14: =IF($B14="","",SUM(I14:K14)) | M14: =IF($B14="","",H14-L14) | N14: =IF($B14="","",IF(R14="Ancien",0,Paramètres!$D$15)) | P14: =IF($B14="","",N14-O14) | Q14: =IF($B14="","",IF(AND(M14<=0,P14<=0),"Soldé","En retard"))
H15: =IF($B15="","",Paramètres!$C$15) | L15: =IF($B15="","",SUM(I15:K15)) | M15: =IF($B15="","",H15-L15) | N15: =IF($B15="","",IF(R15="Ancien",0,Paramètres!$D$15)) | P15: =IF($B15="","",N15-O15) | Q15: =IF($B15="","",IF(AND(M15<=0,P15<=0),"Soldé","En retard"))
... H83: =IF($B83="","",Paramètres!$C$15) | L83: =IF($B83="","",SUM(I83:K83)) | M83: =IF($B83="","",H83-L83) | N83: =IF($B83="","",IF(R83="Ancien",0,Paramètres!$D$15)) | P83: =IF($B83="","",N83-O83) | Q83: =IF($B83="","",IF(AND(M83<=0,P83<=0),"Soldé","En retard"))

Sheet Classe Grande section
A1: ="INSCRIPTIONS — "&Paramètres!$A$16 -> INSCRIPTIONS — Grande section
A2: ="Année scolaire "&Paramètres!$C$11&" • Effectif : "&COUNTIF($B$4:$B$83,"?*")&" • Cellules jaunes = montants à saisir ; colonnes grises = calcul automatique" -> Année scolaire 2025-2026 • Effectif : 0 • Cellules jaunes = montants à saisir ; colonnes grises = calcul automatique
A3: Matricule | B3: Nom | C3: Prénom(s) | D3: Sexe | E3: Date de naissance | F3: Nom du tuteur | G3: Téléphone | H3: Scolarité due | I3: Tranche 1 | J3: Tranche 2 | K3: Tranche 3 | L3: Total payé | M3: Reste à payer | N3: Inscription due | O3: Inscription payée | P3: Reste inscription | Q3: Statut | R3: Nouveau / Ancien
H4: =IF($B4="","",Paramètres!$C$16) | L4: =IF($B4="","",SUM(I4:K4)) | M4: =IF($B4="","",H4-L4) | N4: =IF($B4="","",IF(R4="Ancien",0,Paramètres!$D$16)) | P4: =IF($B4="","",N4-O4) | Q4: =IF($B4="","",IF(AND(M4<=0,P4<=0),"Soldé","En retard"))
H5: =IF($B5="","",Paramètres!$C$16) | L5: =IF($B5="","",SUM(I5:K5)) | M5: =IF($B5="","",H5-L5) | N5: =IF($B5="","",IF(R5="Ancien",0,Paramètres!$D$16)) | P5: =IF($B5="","",N5-O5) | Q5: =IF($B5="","",IF(AND(M5<=0,P5<=0),"Soldé","En retard"))
H6: =IF($B6="","",Paramètres!$C$16) | L6: =IF($B6="","",SUM(I6:K6)) | M6: =IF($B6="","",H6-L6) | N6: =IF($B6="","",IF(R6="Ancien",0,Paramètres!$D$16)) | P6: =IF($B6="","",N6-O6) | Q6: =IF($B6="","",IF(AND(M6<=0,P6<=0),"Soldé","En retard"))
H7: =IF($B7="","",Paramètres!$C$16) | L7: =IF($B7="","",SUM(I7:K7)) | M7: =IF($B7="","",H7-L7) | N7: =IF($B7="","",IF(R7="Ancien",0,Paramètres!$D$16)) | P7: =IF($B7="","",N7-O7) | Q7: =IF($B7="","",IF(AND(M7<=0,P7<=0),"Soldé","En retard"))
H8: =IF($B8="","",Paramètres!$C$16) | L8: =IF($B8="","",SUM(I8:K8)) | M8: =IF($B8="","",H8-L8) | N8: =IF($B8="","",IF(R8="Ancien",0,Paramètres!$D$16)) | P8: =IF($B8="","",N8-O8) | Q8: =IF($B8="","",IF(AND(M8<=0,P8<=0),"Soldé","En retard"))
H9: =IF($B9="","",Paramètres!$C$16) | L9: =IF($B9="","",SUM(I9:K9)) | M9: =IF($B9="","",H9-L9) | N9: =IF($B9="","",IF(R9="Ancien",0,Paramètres!$D$16)) | P9: =IF($B9="","",N9-O9) | Q9: =IF($B9="","",IF(AND(M9<=0,P9<=0),"Soldé","En retard"))
H10: =IF($B10="","",Paramètres!$C$16) | L10: =IF($B10="","",SUM(I10:K10)) | M10: =IF($B10="","",H10-L10) | N10: =IF($B10="","",IF(R10="Ancien",0,Paramètres!$D$16)) | P10: =IF($B10="","",N10-O10) | Q10: =IF($B10="","",IF(AND(M10<=0,P10<=0),"Soldé","En retard"))
H11: =IF($B11="","",Paramètres!$C$16) | L11: =IF($B11="","",SUM(I11:K11)) | M11: =IF($B11="","",H11-L11) | N11: =IF($B11="","",IF(R11="Ancien",0,Paramètres!$D$16)) | P11: =IF($B11="","",N11-O11) | Q11: =IF($B11="","",IF(AND(M11<=0,P11<=0),"Soldé","En retard"))
H12: =IF($B12="","",Paramètres!$C$16) | L12: =IF($B12="","",SUM(I12:K12)) | M12: =IF($B12="","",H12-L12) | N12: =IF($B12="","",IF(R12="Ancien",0,Paramètres!$D$16)) | P12: =IF($B12="","",N12-O12) | Q12: =IF($B12="","",IF(AND(M12<=0,P12<=0),"Soldé","En retard"))
H13: =IF($B13="","",Paramètres!$C$16) | L13: =IF($B13="","",SUM(I13:K13)) | M13: =IF($B13="","",H13-L13) | N13: =IF($B13="","",IF(R13="Ancien",0,Paramètres!$D$16)) | P13: =IF($B13="","",N13-O13) | Q13: =IF($B13="","",IF(AND(M13<=0,P13<=0),"Soldé","En retard"))
H14: =IF($B14="","",Paramètres!$C$16) | L14: =IF($B14="","",SUM(I14:K14)) | M14: =IF($B14="","",H14-L14) | N14: =IF($B14="","",IF(R14="Ancien",0,Paramètres!$D$16)) | P14: =IF($B14="","",N14-O14) | Q14: =IF($B14="","",IF(AND(M14<=0,P14<=0),"Soldé","En retard"))
H15: =IF($B15="","",Paramètres!$C$16) | L15: =IF($B15="","",SUM(I15:K15)) | M15: =IF($B15="","",H15-L15) | N15: =IF($B15="","",IF(R15="Ancien",0,Paramètres!$D$16)) | P15: =IF($B15="","",N15-O15) | Q15: =IF($B15="","",IF(AND(M15<=0,P15<=0),"Soldé","En retard"))
... H83: =IF($B83="","",Paramètres!$C$16) | L83: =IF($B83="","",SUM(I83:K83)) | M83: =IF($B83="","",H83-L83) | N83: =IF($B83="","",IF(R83="Ancien",0,Paramètres!$D$16)) | P83: =IF($B83="","",N83-O83) | Q83: =IF($B83="","",IF(AND(M83<=0,P83<=0),"Soldé","En retard"))

Sheet Classe CI
A1: ="INSCRIPTIONS — "&Paramètres!$A$17 -> INSCRIPTIONS — CI
A2: ="Année scolaire "&Paramètres!$C$11&" • Effectif : "&COUNTIF($B$4:$B$83,"?*")&" • Cellules jaunes = montants à saisir ; colonnes grises = calcul automatique" -> Année scolaire 2025-2026 • Effectif : 0 • Cellules jaunes = montants à saisir ; colonnes grises = calcul automatique
A3: Matricule | B3: Nom | C3: Prénom(s) | D3: Sexe | E3: Date de naissance | F3: Nom du tuteur | G3: Téléphone | H3: Scolarité due | I3: Tranche 1 | J3: Tranche 2 | K3: Tranche 3 | L3: Total payé | M3: Reste à payer | N3: Inscription due | O3: Inscription payée | P3: Reste inscription | Q3: Statut | R3: Nouveau / Ancien
H4: =IF($B4="","",Paramètres!$C$17) | L4: =IF($B4="","",SUM(I4:K4)) | M4: =IF($B4="","",H4-L4) | N4: =IF($B4="","",IF(R4="Ancien",0,Paramètres!$D$17)) | P4: =IF($B4="","",N4-O4) | Q4: =IF($B4="","",IF(AND(M4<=0,P4<=0),"Soldé","En retard"))
H5: =IF($B5="","",Paramètres!$C$17) | L5: =IF($B5="","",SUM(I5:K5)) | M5: =IF($B5="","",H5-L5) | N5: =IF($B5="","",IF(R5="Ancien",0,Paramètres!$D$17)) | P5: =IF($B5="","",N5-O5) | Q5: =IF($B5="","",IF(AND(M5<=0,P5<=0),"Soldé","En retard"))
H6: =IF($B6="","",Paramètres!$C$17) | L6: =IF($B6="","",SUM(I6:K6)) | M6: =IF($B6="","",H6-L6) | N6: =IF($B6="","",IF(R6="Ancien",0,Paramètres!$D$17)) | P6: =IF($B6="","",N6-O6) | Q6: =IF($B6="","",IF(AND(M6<=0,P6<=0),"Soldé","En retard"))
H7: =IF($B7="","",Paramètres!$C$17) | L7: =IF($B7="","",SUM(I7:K7)) | M7: =IF($B7="","",H7-L7) | N7: =IF($B7="","",IF(R7="Ancien",0,Paramètres!$D$17)) | P7: =IF($B7="","",N7-O7) | Q7: =IF($B7="","",IF(AND(M7<=0,P7<=0),"Soldé","En retard"))
H8: =IF($B8="","",Paramètres!$C$17) | L8: =IF($B8="","",SUM(I8:K8)) | M8: =IF($B8="","",H8-L8) | N8: =IF($B8="","",IF(R8="Ancien",0,Paramètres!$D$17)) | P8: =IF($B8="","",N8-O8) | Q8: =IF($B8="","",IF(AND(M8<=0,P8<=0),"Soldé","En retard"))
H9: =IF($B9="","",Paramètres!$C$17) | L9: =IF($B9="","",SUM(I9:K9)) | M9: =IF($B9="","",H9-L9) | N9: =IF($B9="","",IF(R9="Ancien",0,Paramètres!$D$17)) | P9: =IF($B9="","",N9-O9) | Q9: =IF($B9="","",IF(AND(M9<=0,P9<=0),"Soldé","En retard"))
H10: =IF($B10="","",Paramètres!$C$17) | L10: =IF($B10="","",SUM(I10:K10)) | M10: =IF($B10="","",H10-L10) | N10: =IF($B10="","",IF(R10="Ancien",0,Paramètres!$D$17)) | P10: =IF($B10="","",N10-O10) | Q10: =IF($B10="","",IF(AND(M10<=0,P10<=0),"Soldé","En retard"))
H11: =IF($B11="","",Paramètres!$C$17) | L11: =IF($B11="","",SUM(I11:K11)) | M11: =IF($B11="","",H11-L11) | N11: =IF($B11="","",IF(R11="Ancien",0,Paramètres!$D$17)) | P11: =IF($B11="","",N11-O11) | Q11: =IF($B11="","",IF(AND(M11<=0,P11<=0),"Soldé","En retard"))
H12: =IF($B12="","",Paramètres!$C$17) | L12: =IF($B12="","",SUM(I12:K12)) | M12: =IF($B12="","",H12-L12) | N12: =IF($B12="","",IF(R12="Ancien",0,Paramètres!$D$17)) | P12: =IF($B12="","",N12-O12) | Q12: =IF($B12="","",IF(AND(M12<=0,P12<=0),"Soldé","En retard"))
H13: =IF($B13="","",Paramètres!$C$17) | L13: =IF($B13="","",SUM(I13:K13)) | M13: =IF($B13="","",H13-L13) | N13: =IF($B13="","",IF(R13="Ancien",0,Paramètres!$D$17)) | P13: =IF($B13="","",N13-O13) | Q13: =IF($B13="","",IF(AND(M13<=0,P13<=0),"Soldé","En retard"))
H14: =IF($B14="","",Paramètres!$C$17) | L14: =IF($B14="","",SUM(I14:K14)) | M14: =IF($B14="","",H14-L14) | N14: =IF($B14="","",IF(R14="Ancien",0,Paramètres!$D$17)) | P14: =IF($B14="","",N14-O14) | Q14: =IF($B14="","",IF(AND(M14<=0,P14<=0),"Soldé","En retard"))
H15: =IF($B15="","",Paramètres!$C$17) | L15: =IF($B15="","",SUM(I15:K15)) | M15: =IF($B15="","",H15-L15) | N15: =IF($B15="","",IF(R15="Ancien",0,Paramètres!$D$17)) | P15: =IF($B15="","",N15-O15) | Q15: =IF($B15="","",IF(AND(M15<=0,P15<=0),"Soldé","En retard"))
... H83: =IF($B83="","",Paramètres!$C$17) | L83: =IF($B83="","",SUM(I83:K83)) | M83: =IF($B83="","",H83-L83) | N83: =IF($B83="","",IF(R83="Ancien",0,Paramètres!$D$17)) | P83: =IF($B83="","",N83-O83) | Q83: =IF($B83="","",IF(AND(M83<=0,P83<=0),"Soldé","En retard"))

Sheet Classe CP
A1: ="INSCRIPTIONS — "&Paramètres!$A$18 -> INSCRIPTIONS — CP
A2: ="Année scolaire "&Paramètres!$C$11&" • Effectif : "&COUNTIF($B$4:$B$83,"?*")&" • Cellules jaunes = montants à saisir ; colonnes grises = calcul automatique" -> Année scolaire 2025-2026 • Effectif : 0 • Cellules jaunes = montants à saisir ; colonnes grises = calcul automatique
A3: Matricule | B3: Nom | C3: Prénom(s) | D3: Sexe | E3: Date de naissance | F3: Nom du tuteur | G3: Téléphone | H3: Scolarité due | I3: Tranche 1 | J3: Tranche 2 | K3: Tranche 3 | L3: Total payé | M3: Reste à payer | N3: Inscription due | O3: Inscription payée | P3: Reste inscription | Q3: Statut | R3: Nouveau / Ancien
H4: =IF($B4="","",Paramètres!$C$18) | L4: =IF($B4="","",SUM(I4:K4)) | M4: =IF($B4="","",H4-L4) | N4: =IF($B4="","",IF(R4="Ancien",0,Paramètres!$D$18)) | P4: =IF($B4="","",N4-O4) | Q4: =IF($B4="","",IF(AND(M4<=0,P4<=0),"Soldé","En retard"))
H5: =IF($B5="","",Paramètres!$C$18) | L5: =IF($B5="","",SUM(I5:K5)) | M5: =IF($B5="","",H5-L5) | N5: =IF($B5="","",IF(R5="Ancien",0,Paramètres!$D$18)) | P5: =IF($B5="","",N5-O5) | Q5: =IF($B5="","",IF(AND(M5<=0,P5<=0),"Soldé","En retard"))
H6: =IF($B6="","",Paramètres!$C$18) | L6: =IF($B6="","",SUM(I6:K6)) | M6: =IF($B6="","",H6-L6) | N6: =IF($B6="","",IF(R6="Ancien",0,Paramètres!$D$18)) | P6: =IF($B6="","",N6-O6) | Q6: =IF($B6="","",IF(AND(M6<=0,P6<=0),"Soldé","En retard"))
H7: =IF($B7="","",Paramètres!$C$18) | L7: =IF($B7="","",SUM(I7:K7)) | M7: =IF($B7="","",H7-L7) | N7: =IF($B7="","",IF(R7="Ancien",0,Paramètres!$D$18)) | P7: =IF($B7="","",N7-O7) | Q7: =IF($B7="","",IF(AND(M7<=0,P7<=0),"Soldé","En retard"))
H8: =IF($B8="","",Paramètres!$C$18) | L8: =IF($B8="","",SUM(I8:K8)) | M8: =IF($B8="","",H8-L8) | N8: =IF($B8="","",IF(R8="Ancien",0,Paramètres!$D$18)) | P8: =IF($B8="","",N8-O8) | Q8: =IF($B8="","",IF(AND(M8<=0,P8<=0),"Soldé","En retard"))
H9: =IF($B9="","",Paramètres!$C$18) | L9: =IF($B9="","",SUM(I9:K9)) | M9: =IF($B9="","",H9-L9) | N9: =IF($B9="","",IF(R9="Ancien",0,Paramètres!$D$18)) | P9: =IF($B9="","",N9-O9) | Q9: =IF($B9="","",IF(AND(M9<=0,P9<=0),"Soldé","En retard"))
H10: =IF($B10="","",Paramètres!$C$18) | L10: =IF($B10="","",SUM(I10:K10)) | M10: =IF($B10="","",H10-L10) | N10: =IF($B10="","",IF(R10="Ancien",0,Paramètres!$D$18)) | P10: =IF($B10="","",N10-O10) | Q10: =IF($B10="","",IF(AND(M10<=0,P10<=0),"Soldé","En retard"))
H11: =IF($B11="","",Paramètres!$C$18) | L11: =IF($B11="","",SUM(I11:K11)) | M11: =IF($B11="","",H11-L11) | N11: =IF($B11="","",IF(R11="Ancien",0,Paramètres!$D$18)) | P11: =IF($B11="","",N11-O11) | Q11: =IF($B11="","",IF(AND(M11<=0,P11<=0),"Soldé","En retard"))
H12: =IF($B12="","",Paramètres!$C$18) | L12: =IF($B12="","",SUM(I12:K12)) | M12: =IF($B12="","",H12-L12) | N12: =IF($B12="","",IF(R12="Ancien",0,Paramètres!$D$18)) | P12: =IF($B12="","",N12-O12) | Q12: =IF($B12="","",IF(AND(M12<=0,P12<=0),"Soldé","En retard"))
H13: =IF($B13="","",Paramètres!$C$18) | L13: =IF($B13="","",SUM(I13:K13)) | M13: =IF($B13="","",H13-L13) | N13: =IF($B13="","",IF(R13="Ancien",0,Paramètres!$D$18)) | P13: =IF($B13="","",N13-O13) | Q13: =IF($B13="","",IF(AND(M13<=0,P13<=0),"Soldé","En retard"))
H14: =IF($B14="","",Paramètres!$C$18) | L14: =IF($B14="","",SUM(I14:K14)) | M14: =IF($B14="","",H14-L14) | N14: =IF($B14="","",IF(R14="Ancien",0,Paramètres!$D$18)) | P14: =IF($B14="","",N14-O14) | Q14: =IF($B14="","",IF(AND(M14<=0,P14<=0),"Soldé","En retard"))
H15: =IF($B15="","",Paramètres!$C$18) | L15: =IF($B15="","",SUM(I15:K15)) | M15: =IF($B15="","",H15-L15) | N15: =IF($B15="","",IF(R15="Ancien",0,Paramètres!$D$18)) | P15: =IF($B15="","",N15-O15) | Q15: =IF($B15="","",IF(AND(M15<=0,P15<=0),"Soldé","En retard"))
... H83: =IF($B83="","",Paramètres!$C$18) | L83: =IF($B83="","",SUM(I83:K83)) | M83: =IF($B83="","",H83-L83) | N83: =IF($B83="","",IF(R83="Ancien",0,Paramètres!$D$18)) | P83: =IF($B83="","",N83-O83) | Q83: =IF($B83="","",IF(AND(M83<=0,P83<=0),"Soldé","En retard"))

Sheet Classe CE1
A1: ="INSCRIPTIONS — "&Paramètres!$A$19 -> INSCRIPTIONS — CE1
A2: ="Année scolaire "&Paramètres!$C$11&" • Effectif : "&COUNTIF($B$4:$B$83,"?*")&" • Cellules jaunes = montants à saisir ; colonnes grises = calcul automatique" -> Année scolaire 2025-2026 • Effectif : 0 • Cellules jaunes = montants à saisir ; colonnes grises = calcul automatique
A3: Matricule | B3: Nom | C3: Prénom(s) | D3: Sexe | E3: Date de naissance | F3: Nom du tuteur | G3: Téléphone | H3: Scolarité due | I3: Tranche 1 | J3: Tranche 2 | K3: Tranche 3 | L3: Total payé | M3: Reste à payer | N3: Inscription due | O3: Inscription payée | P3: Reste inscription | Q3: Statut | R3: Nouveau / Ancien
H4: =IF($B4="","",Paramètres!$C$19) | L4: =IF($B4="","",SUM(I4:K4)) | M4: =IF($B4="","",H4-L4) | N4: =IF($B4="","",IF(R4="Ancien",0,Paramètres!$D$19)) | P4: =IF($B4="","",N4-O4) | Q4: =IF($B4="","",IF(AND(M4<=0,P4<=0),"Soldé","En retard"))
H5: =IF($B5="","",Paramètres!$C$19) | L5: =IF($B5="","",SUM(I5:K5)) | M5: =IF($B5="","",H5-L5) | N5: =IF($B5="","",IF(R5="Ancien",0,Paramètres!$D$19)) | P5: =IF($B5="","",N5-O5) | Q5: =IF($B5="","",IF(AND(M5<=0,P5<=0),"Soldé","En retard"))
H6: =IF($B6="","",Paramètres!$C$19) | L6: =IF($B6="","",SUM(I6:K6)) | M6: =IF($B6="","",H6-L6) | N6: =IF($B6="","",IF(R6="Ancien",0,Paramètres!$D$19)) | P6: =IF($B6="","",N6-O6) | Q6: =IF($B6="","",IF(AND(M6<=0,P6<=0),"Soldé","En retard"))
H7: =IF($B7="","",Paramètres!$C$19) | L7: =IF($B7="","",SUM(I7:K7)) | M7: =IF($B7="","",H7-L7) | N7: =IF($B7="","",IF(R7="Ancien",0,Paramètres!$D$19)) | P7: =IF($B7="","",N7-O7) | Q7: =IF($B7="","",IF(AND(M7<=0,P7<=0),"Soldé","En retard"))
H8: =IF($B8="","",Paramètres!$C$19) | L8: =IF($B8="","",SUM(I8:K8)) | M8: =IF($B8="","",H8-L8) | N8: =IF($B8="","",IF(R8="Ancien",0,Paramètres!$D$19)) | P8: =IF($B8="","",N8-O8) | Q8: =IF($B8="","",IF(AND(M8<=0,P8<=0),"Soldé","En retard"))
H9: =IF($B9="","",Paramètres!$C$19) | L9: =IF($B9="","",SUM(I9:K9)) | M9: =IF($B9="","",H9-L9) | N9: =IF($B9="","",IF(R9="Ancien",0,Paramètres!$D$19)) | P9: =IF($B9="","",N9-O9) | Q9: =IF($B9="","",IF(AND(M9<=0,P9<=0),"Soldé","En retard"))
H10: =IF($B10="","",Paramètres!$C$19) | L10: =IF($B10="","",SUM(I10:K10)) | M10: =IF($B10="","",H10-L10) | N10: =IF($B10="","",IF(R10="Ancien",0,Paramètres!$D$19)) | P10: =IF($B10="","",N10-O10) | Q10: =IF($B10="","",IF(AND(M10<=0,P10<=0),"Soldé","En retard"))
H11: =IF($B11="","",Paramètres!$C$19) | L11: =IF($B11="","",SUM(I11:K11)) | M11: =IF($B11="","",H11-L11) | N11: =IF($B11="","",IF(R11="Ancien",0,Paramètres!$D$19)) | P11: =IF($B11="","",N11-O11) | Q11: =IF($B11="","",IF(AND(M11<=0,P11<=0),"Soldé","En retard"))
H12: =IF($B12="","",Paramètres!$C$19) | L12: =IF($B12="","",SUM(I12:K12)) | M12: =IF($B12="","",H12-L12) | N12: =IF($B12="","",IF(R12="Ancien",0,Paramètres!$D$19)) | P12: =IF($B12="","",N12-O12) | Q12: =IF($B12="","",IF(AND(M12<=0,P12<=0),"Soldé","En retard"))
H13: =IF($B13="","",Paramètres!$C$19) | L13: =IF($B13="","",SUM(I13:K13)) | M13: =IF($B13="","",H13-L13) | N13: =IF($B13="","",IF(R13="Ancien",0,Paramètres!$D$19)) | P13: =IF($B13="","",N13-O13) | Q13: =IF($B13="","",IF(AND(M13<=0,P13<=0),"Soldé","En retard"))
H14: =IF($B14="","",Paramètres!$C$19) | L14: =IF($B14="","",SUM(I14:K14)) | M14: =IF($B14="","",H14-L14) | N14: =IF($B14="","",IF(R14="Ancien",0,Paramètres!$D$19)) | P14: =IF($B14="","",N14-O14) | Q14: =IF($B14="","",IF(AND(M14<=0,P14<=0),"Soldé","En retard"))
H15: =IF($B15="","",Paramètres!$C$19) | L15: =IF($B15="","",SUM(I15:K15)) | M15: =IF($B15="","",H15-L15) | N15: =IF($B15="","",IF(R15="Ancien",0,Paramètres!$D$19)) | P15: =IF($B15="","",N15-O15) | Q15: =IF($B15="","",IF(AND(M15<=0,P15<=0),"Soldé","En retard"))
... H83: =IF($B83="","",Paramètres!$C$19) | L83: =IF($B83="","",SUM(I83:K83)) | M83: =IF($B83="","",H83-L83) | N83: =IF($B83="","",IF(R83="Ancien",0,Paramètres!$D$19)) | P83: =IF($B83="","",N83-O83) | Q83: =IF($B83="","",IF(AND(M83<=0,P83<=0),"Soldé","En retard"))

Sheet Classe CE2
A1: ="INSCRIPTIONS — "&Paramètres!$A$20 -> INSCRIPTIONS — CE2
A2: ="Année scolaire "&Paramètres!$C$11&" • Effectif : "&COUNTIF($B$4:$B$83,"?*")&" • Cellules jaunes = montants à saisir ; colonnes grises = calcul automatique" -> Année scolaire 2025-2026 • Effectif : 0 • Cellules jaunes = montants à saisir ; colonnes grises = calcul automatique
A3: Matricule | B3: Nom | C3: Prénom(s) | D3: Sexe | E3: Date de naissance | F3: Nom du tuteur | G3: Téléphone | H3: Scolarité due | I3: Tranche 1 | J3: Tranche 2 | K3: Tranche 3 | L3: Total payé | M3: Reste à payer | N3: Inscription due | O3: Inscription payée | P3: Reste inscription | Q3: Statut | R3: Nouveau / Ancien
H4: =IF($B4="","",Paramètres!$C$20) | L4: =IF($B4="","",SUM(I4:K4)) | M4: =IF($B4="","",H4-L4) | N4: =IF($B4="","",IF(R4="Ancien",0,Paramètres!$D$20)) | P4: =IF($B4="","",N4-O4) | Q4: =IF($B4="","",IF(AND(M4<=0,P4<=0),"Soldé","En retard"))
H5: =IF($B5="","",Paramètres!$C$20) | L5: =IF($B5="","",SUM(I5:K5)) | M5: =IF($B5="","",H5-L5) | N5: =IF($B5="","",IF(R5="Ancien",0,Paramètres!$D$20)) | P5: =IF($B5="","",N5-O5) | Q5: =IF($B5="","",IF(AND(M5<=0,P5<=0),"Soldé","En retard"))
H6: =IF($B6="","",Paramètres!$C$20) | L6: =IF($B6="","",SUM(I6:K6)) | M6: =IF($B6="","",H6-L6) | N6: =IF($B6="","",IF(R6="Ancien",0,Paramètres!$D$20)) | P6: =IF($B6="","",N6-O6) | Q6: =IF($B6="","",IF(AND(M6<=0,P6<=0),"Soldé","En retard"))
H7: =IF($B7="","",Paramètres!$C$20) | L7: =IF($B7="","",SUM(I7:K7)) | M7: =IF($B7="","",H7-L7) | N7: =IF($B7="","",IF(R7="Ancien",0,Paramètres!$D$20)) | P7: =IF($B7="","",N7-O7) | Q7: =IF($B7="","",IF(AND(M7<=0,P7<=0),"Soldé","En retard"))
H8: =IF($B8="","",Paramètres!$C$20) | L8: =IF($B8="","",SUM(I8:K8)) | M8: =IF($B8="","",H8-L8) | N8: =IF($B8="","",IF(R8="Ancien",0,Paramètres!$D$20)) | P8: =IF($B8="","",N8-O8) | Q8: =IF($B8="","",IF(AND(M8<=0,P8<=0),"Soldé","En retard"))
H9: =IF($B9="","",Paramètres!$C$20) | L9: =IF($B9="","",SUM(I9:K9)) | M9: =IF($B9="","",H9-L9) | N9: =IF($B9="","",IF(R9="Ancien",0,Paramètres!$D$20)) | P9: =IF($B9="","",N9-O9) | Q9: =IF($B9="","",IF(AND(M9<=0,P9<=0),"Soldé","En retard"))
H10: =IF($B10="","",Paramètres!$C$20) | L10: =IF($B10="","",SUM(I10:K10)) | M10: =IF($B10="","",H10-L10) | N10: =IF($B10="","",IF(R10="Ancien",0,Paramètres!$D$20)) | P10: =IF($B10="","",N10-O10) | Q10: =IF($B10="","",IF(AND(M10<=0,P10<=0),"Soldé","En retard"))
H11: =IF($B11="","",Paramètres!$C$20) | L11: =IF($B11="","",SUM(I11:K11)) | M11: =IF($B11="","",H11-L11) | N11: =IF($B11="","",IF(R11="Ancien",0,Paramètres!$D$20)) | P11: =IF($B11="","",N11-O11) | Q11: =IF($B11="","",IF(AND(M11<=0,P11<=0),"Soldé","En retard"))
H12: =IF($B12="","",Paramètres!$C$20) | L12: =IF($B12="","",SUM(I12:K12)) | M12: =IF($B12="","",H12-L12) | N12: =IF($B12="","",IF(R12="Ancien",0,Paramètres!$D$20)) | P12: =IF($B12="","",N12-O12) | Q12: =IF($B12="","",IF(AND(M12<=0,P12<=0),"Soldé","En retard"))
H13: =IF($B13="","",Paramètres!$C$20) | L13: =IF($B13="","",SUM(I13:K13)) | M13: =IF($B13="","",H13-L13) | N13: =IF($B13="","",IF(R13="Ancien",0,Paramètres!$D$20)) | P13: =IF($B13="","",N13-O13) | Q13: =IF($B13="","",IF(AND(M13<=0,P13<=0),"Soldé","En retard"))
H14: =IF($B14="","",Paramètres!$C$20) | L14: =IF($B14="","",SUM(I14:K14)) | M14: =IF($B14="","",H14-L14) | N14: =IF($B14="","",IF(R14="Ancien",0,Paramètres!$D$20)) | P14: =IF($B14="","",N14-O14) | Q14: =IF($B14="","",IF(AND(M14<=0,P14<=0),"Soldé","En retard"))
H15: =IF($B15="","",Paramètres!$C$20) | L15: =IF($B15="","",SUM(I15:K15)) | M15: =IF($B15="","",H15-L15) | N15: =IF($B15="","",IF(R15="Ancien",0,Paramètres!$D$20)) | P15: =IF($B15="","",N15-O15) | Q15: =IF($B15="","",IF(AND(M15<=0,P15<=0),"Soldé","En retard"))
... H83: =IF($B83="","",Paramètres!$C$20) | L83: =IF($B83="","",SUM(I83:K83)) | M83: =IF($B83="","",H83-L83) | N83: =IF($B83="","",IF(R83="Ancien",0,Paramètres!$D$20)) | P83: =IF($B83="","",N83-O83) | Q83: =IF($B83="","",IF(AND(M83<=0,P83<=0),"Soldé","En retard"))

Sheet Classe CM1
A1: ="INSCRIPTIONS — "&Paramètres!$A$21 -> INSCRIPTIONS — CM1
A2: ="Année scolaire "&Paramètres!$C$11&" • Effectif : "&COUNTIF($B$4:$B$83,"?*")&" • Cellules jaunes = montants à saisir ; colonnes grises = calcul automatique" -> Année scolaire 2025-2026 • Effectif : 0 • Cellules jaunes = montants à saisir ; colonnes grises = calcul automatique
A3: Matricule | B3: Nom | C3: Prénom(s) | D3: Sexe | E3: Date de naissance | F3: Nom du tuteur | G3: Téléphone | H3: Scolarité due | I3: Tranche 1 | J3: Tranche 2 | K3: Tranche 3 | L3: Total payé | M3: Reste à payer | N3: Inscription due | O3: Inscription payée | P3: Reste inscription | Q3: Statut | R3: Nouveau / Ancien
H4: =IF($B4="","",Paramètres!$C$21) | L4: =IF($B4="","",SUM(I4:K4)) | M4: =IF($B4="","",H4-L4) | N4: =IF($B4="","",IF(R4="Ancien",0,Paramètres!$D$21)) | P4: =IF($B4="","",N4-O4) | Q4: =IF($B4="","",IF(AND(M4<=0,P4<=0),"Soldé","En retard"))
H5: =IF($B5="","",Paramètres!$C$21) | L5: =IF($B5="","",SUM(I5:K5)) | M5: =IF($B5="","",H5-L5) | N5: =IF($B5="","",IF(R5="Ancien",0,Paramètres!$D$21)) | P5: =IF($B5="","",N5-O5) | Q5: =IF($B5="","",IF(AND(M5<=0,P5<=0),"Soldé","En retard"))
H6: =IF($B6="","",Paramètres!$C$21) | L6: =IF($B6="","",SUM(I6:K6)) | M6: =IF($B6="","",H6-L6) | N6: =IF($B6="","",IF(R6="Ancien",0,Paramètres!$D$21)) | P6: =IF($B6="","",N6-O6) | Q6: =IF($B6="","",IF(AND(M6<=0,P6<=0),"Soldé","En retard"))
H7: =IF($B7="","",Paramètres!$C$21) | L7: =IF($B7="","",SUM(I7:K7)) | M7: =IF($B7="","",H7-L7) | N7: =IF($B7="","",IF(R7="Ancien",0,Paramètres!$D$21)) | P7: =IF($B7="","",N7-O7) | Q7: =IF($B7="","",IF(AND(M7<=0,P7<=0),"Soldé","En retard"))
H8: =IF($B8="","",Paramètres!$C$21) | L8: =IF($B8="","",SUM(I8:K8)) | M8: =IF($B8="","",H8-L8) | N8: =IF($B8="","",IF(R8="Ancien",0,Paramètres!$D$21)) | P8: =IF($B8="","",N8-O8) | Q8: =IF($B8="","",IF(AND(M8<=0,P8<=0),"Soldé","En retard"))
H9: =IF($B9="","",Paramètres!$C$21) | L9: =IF($B9="","",SUM(I9:K9)) | M9: =IF($B9="","",H9-L9) | N9: =IF($B9="","",IF(R9="Ancien",0,Paramètres!$D$21)) | P9: =IF($B9="","",N9-O9) | Q9: =IF($B9="","",IF(AND(M9<=0,P9<=0),"Soldé","En retard"))
H10: =IF($B10="","",Paramètres!$C$21) | L10: =IF($B10="","",SUM(I10:K10)) | M10: =IF($B10="","",H10-L10) | N10: =IF($B10="","",IF(R10="Ancien",0,Paramètres!$D$21)) | P10: =IF($B10="","",N10-O10) | Q10: =IF($B10="","",IF(AND(M10<=0,P10<=0),"Soldé","En retard"))
H11: =IF($B11="","",Paramètres!$C$21) | L11: =IF($B11="","",SUM(I11:K11)) | M11: =IF($B11="","",H11-L11) | N11: =IF($B11="","",IF(R11="Ancien",0,Paramètres!$D$21)) | P11: =IF($B11="","",N11-O11) | Q11: =IF($B11="","",IF(AND(M11<=0,P11<=0),"Soldé","En retard"))
H12: =IF($B12="","",Paramètres!$C$21) | L12: =IF($B12="","",SUM(I12:K12)) | M12: =IF($B12="","",H12-L12) | N12: =IF($B12="","",IF(R12="Ancien",0,Paramètres!$D$21)) | P12: =IF($B12="","",N12-O12) | Q12: =IF($B12="","",IF(AND(M12<=0,P12<=0),"Soldé","En retard"))
H13: =IF($B13="","",Paramètres!$C$21) | L13: =IF($B13="","",SUM(I13:K13)) | M13: =IF($B13="","",H13-L13) | N13: =IF($B13="","",IF(R13="Ancien",0,Paramètres!$D$21)) | P13: =IF($B13="","",N13-O13) | Q13: =IF($B13="","",IF(AND(M13<=0,P13<=0),"Soldé","En retard"))
H14: =IF($B14="","",Paramètres!$C$21) | L14: =IF($B14="","",SUM(I14:K14)) | M14: =IF($B14="","",H14-L14) | N14: =IF($B14="","",IF(R14="Ancien",0,Paramètres!$D$21)) | P14: =IF($B14="","",N14-O14) | Q14: =IF($B14="","",IF(AND(M14<=0,P14<=0),"Soldé","En retard"))
H15: =IF($B15="","",Paramètres!$C$21) | L15: =IF($B15="","",SUM(I15:K15)) | M15: =IF($B15="","",H15-L15) | N15: =IF($B15="","",IF(R15="Ancien",0,Paramètres!$D$21)) | P15: =IF($B15="","",N15-O15) | Q15: =IF($B15="","",IF(AND(M15<=0,P15<=0),"Soldé","En retard"))
... H83: =IF($B83="","",Paramètres!$C$21) | L83: =IF($B83="","",SUM(I83:K83)) | M83: =IF($B83="","",H83-L83) | N83: =IF($B83="","",IF(R83="Ancien",0,Paramètres!$D$21)) | P83: =IF($B83="","",N83-O83) | Q83: =IF($B83="","",IF(AND(M83<=0,P83<=0),"Soldé","En retard"))

Sheet Classe CM2
A1: ="INSCRIPTIONS — "&Paramètres!$A$22 -> INSCRIPTIONS — CM2
A2: ="Année scolaire "&Paramètres!$C$11&" • Effectif : "&COUNTIF($B$4:$B$83,"?*")&" • Cellules jaunes = montants à saisir ; colonnes grises = calcul automatique" -> Année scolaire 2025-2026 • Effectif : 0 • Cellules jaunes = montants à saisir ; colonnes grises = calcul automatique
A3: Matricule | B3: Nom | C3: Prénom(s) | D3: Sexe | E3: Date de naissance | F3: Nom du tuteur | G3: Téléphone | H3: Scolarité due | I3: Tranche 1 | J3: Tranche 2 | K3: Tranche 3 | L3: Total payé | M3: Reste à payer | N3: Inscription due | O3: Inscription payée | P3: Reste inscription | Q3: Statut | R3: Nouveau / Ancien
H4: =IF($B4="","",Paramètres!$C$22) | L4: =IF($B4="","",SUM(I4:K4)) | M4: =IF($B4="","",H4-L4) | N4: =IF($B4="","",IF(R4="Ancien",0,Paramètres!$D$22)) | P4: =IF($B4="","",N4-O4) | Q4: =IF($B4="","",IF(AND(M4<=0,P4<=0),"Soldé","En retard"))
H5: =IF($B5="","",Paramètres!$C$22) | L5: =IF($B5="","",SUM(I5:K5)) | M5: =IF($B5="","",H5-L5) | N5: =IF($B5="","",IF(R5="Ancien",0,Paramètres!$D$22)) | P5: =IF($B5="","",N5-O5) | Q5: =IF($B5="","",IF(AND(M5<=0,P5<=0),"Soldé","En retard"))
H6: =IF($B6="","",Paramètres!$C$22) | L6: =IF($B6="","",SUM(I6:K6)) | M6: =IF($B6="","",H6-L6) | N6: =IF($B6="","",IF(R6="Ancien",0,Paramètres!$D$22)) | P6: =IF($B6="","",N6-O6) | Q6: =IF($B6="","",IF(AND(M6<=0,P6<=0),"Soldé","En retard"))
H7: =IF($B7="","",Paramètres!$C$22) | L7: =IF($B7="","",SUM(I7:K7)) | M7: =IF($B7="","",H7-L7) | N7: =IF($B7="","",IF(R7="Ancien",0,Paramètres!$D$22)) | P7: =IF($B7="","",N7-O7) | Q7: =IF($B7="","",IF(AND(M7<=0,P7<=0),"Soldé","En retard"))
H8: =IF($B8="","",Paramètres!$C$22) | L8: =IF($B8="","",SUM(I8:K8)) | M8: =IF($B8="","",H8-L8) | N8: =IF($B8="","",IF(R8="Ancien",0,Paramètres!$D$22)) | P8: =IF($B8="","",N8-O8) | Q8: =IF($B8="","",IF(AND(M8<=0,P8<=0),"Soldé","En retard"))
H9: =IF($B9="","",Paramètres!$C$22) | L9: =IF($B9="","",SUM(I9:K9)) | M9: =IF($B9="","",H9-L9) | N9: =IF($B9="","",IF(R9="Ancien",0,Paramètres!$D$22)) | P9: =IF($B9="","",N9-O9) | Q9: =IF($B9="","",IF(AND(M9<=0,P9<=0),"Soldé","En retard"))
H10: =IF($B10="","",Paramètres!$C$22) | L10: =IF($B10="","",SUM(I10:K10)) | M10: =IF($B10="","",H10-L10) | N10: =IF($B10="","",IF(R10="Ancien",0,Paramètres!$D$22)) | P10: =IF($B10="","",N10-O10) | Q10: =IF($B10="","",IF(AND(M10<=0,P10<=0),"Soldé","En retard"))
H11: =IF($B11="","",Paramètres!$C$22) | L11: =IF($B11="","",SUM(I11:K11)) | M11: =IF($B11="","",H11-L11) | N11: =IF($B11="","",IF(R11="Ancien",0,Paramètres!$D$22)) | P11: =IF($B11="","",N11-O11) | Q11: =IF($B11="","",IF(AND(M11<=0,P11<=0),"Soldé","En retard"))
H12: =IF($B12="","",Paramètres!$C$22) | L12: =IF($B12="","",SUM(I12:K12)) | M12: =IF($B12="","",H12-L12) | N12: =IF($B12="","",IF(R12="Ancien",0,Paramètres!$D$22)) | P12: =IF($B12="","",N12-O12) | Q12: =IF($B12="","",IF(AND(M12<=0,P12<=0),"Soldé","En retard"))
H13: =IF($B13="","",Paramètres!$C$22) | L13: =IF($B13="","",SUM(I13:K13)) | M13: =IF($B13="","",H13-L13) | N13: =IF($B13="","",IF(R13="Ancien",0,Paramètres!$D$22)) | P13: =IF($B13="","",N13-O13) | Q13: =IF($B13="","",IF(AND(M13<=0,P13<=0),"Soldé","En retard"))
H14: =IF($B14="","",Paramètres!$C$22) | L14: =IF($B14="","",SUM(I14:K14)) | M14: =IF($B14="","",H14-L14) | N14: =IF($B14="","",IF(R14="Ancien",0,Paramètres!$D$22)) | P14: =IF($B14="","",N14-O14) | Q14: =IF($B14="","",IF(AND(M14<=0,P14<=0),"Soldé","En retard"))
H15: =IF($B15="","",Paramètres!$C$22) | L15: =IF($B15="","",SUM(I15:K15)) | M15: =IF($B15="","",H15-L15) | N15: =IF($B15="","",IF(R15="Ancien",0,Paramètres!$D$22)) | P15: =IF($B15="","",N15-O15) | Q15: =IF($B15="","",IF(AND(M15<=0,P15<=0),"Soldé","En retard"))
... H83: =IF($B83="","",Paramètres!$C$22) | L83: =IF($B83="","",SUM(I83:K83)) | M83: =IF($B83="","",H83-L83) | N83: =IF($B83="","",IF(R83="Ancien",0,Paramètres!$D$22)) | P83: =IF($B83="","",N83-O83) | Q83: =IF($B83="","",IF(AND(M83<=0,P83<=0),"Soldé","En retard"))

Sheet Classe 6e
A1: ="INSCRIPTIONS — "&Paramètres!$A$23 -> INSCRIPTIONS — 6e
A2: ="Année scolaire "&Paramètres!$C$11&" • Effectif : "&COUNTIF($B$4:$B$83,"?*")&" • Cellules jaunes = montants à saisir ; colonnes grises = calcul automatique" -> Année scolaire 2025-2026 • Effectif : 0 • Cellules jaunes = montants à saisir ; colonnes grises = calcul automatique
A3: Matricule | B3: Nom | C3: Prénom(s) | D3: Sexe | E3: Date de naissance | F3: Nom du tuteur | G3: Téléphone | H3: Scolarité due | I3: Tranche 1 | J3: Tranche 2 | K3: Tranche 3 | L3: Total payé | M3: Reste à payer | N3: Inscription due | O3: Inscription payée | P3: Reste inscription | Q3: Statut | R3: Nouveau / Ancien
H4: =IF($B4="","",Paramètres!$C$23) | L4: =IF($B4="","",SUM(I4:K4)) | M4: =IF($B4="","",H4-L4) | N4: =IF($B4="","",IF(R4="Ancien",0,Paramètres!$D$23)) | P4: =IF($B4="","",N4-O4) | Q4: =IF($B4="","",IF(AND(M4<=0,P4<=0),"Soldé","En retard"))
H5: =IF($B5="","",Paramètres!$C$23) | L5: =IF($B5="","",SUM(I5:K5)) | M5: =IF($B5="","",H5-L5) | N5: =IF($B5="","",IF(R5="Ancien",0,Paramètres!$D$23)) | P5: =IF($B5="","",N5-O5) | Q5: =IF($B5="","",IF(AND(M5<=0,P5<=0),"Soldé","En retard"))
H6: =IF($B6="","",Paramètres!$C$23) | L6: =IF($B6="","",SUM(I6:K6)) | M6: =IF($B6="","",H6-L6) | N6: =IF($B6="","",IF(R6="Ancien",0,Paramètres!$D$23)) | P6: =IF($B6="","",N6-O6) | Q6: =IF($B6="","",IF(AND(M6<=0,P6<=0),"Soldé","En retard"))
H7: =IF($B7="","",Paramètres!$C$23) | L7: =IF($B7="","",SUM(I7:K7)) | M7: =IF($B7="","",H7-L7) | N7: =IF($B7="","",IF(R7="Ancien",0,Paramètres!$D$23)) | P7: =IF($B7="","",N7-O7) | Q7: =IF($B7="","",IF(AND(M7<=0,P7<=0),"Soldé","En retard"))
H8: =IF($B8="","",Paramètres!$C$23) | L8: =IF($B8="","",SUM(I8:K8)) | M8: =IF($B8="","",H8-L8) | N8: =IF($B8="","",IF(R8="Ancien",0,Paramètres!$D$23)) | P8: =IF($B8="","",N8-O8) | Q8: =IF($B8="","",IF(AND(M8<=0,P8<=0),"Soldé","En retard"))
H9: =IF($B9="","",Paramètres!$C$23) | L9: =IF($B9="","",SUM(I9:K9)) | M9: =IF($B9="","",H9-L9) | N9: =IF($B9="","",IF(R9="Ancien",0,Paramètres!$D$23)) | P9: =IF($B9="","",N9-O9) | Q9: =IF($B9="","",IF(AND(M9<=0,P9<=0),"Soldé","En retard"))
H10: =IF($B10="","",Paramètres!$C$23) | L10: =IF($B10="","",SUM(I10:K10)) | M10: =IF($B10="","",H10-L10) | N10: =IF($B10="","",IF(R10="Ancien",0,Paramètres!$D$23)) | P10: =IF($B10="","",N10-O10) | Q10: =IF($B10="","",IF(AND(M10<=0,P10<=0),"Soldé","En retard"))
H11: =IF($B11="","",Paramètres!$C$23) | L11: =IF($B11="","",SUM(I11:K11)) | M11: =IF($B11="","",H11-L11) | N11: =IF($B11="","",IF(R11="Ancien",0,Paramètres!$D$23)) | P11: =IF($B11="","",N11-O11) | Q11: =IF($B11="","",IF(AND(M11<=0,P11<=0),"Soldé","En retard"))
H12: =IF($B12="","",Paramètres!$C$23) | L12: =IF($B12="","",SUM(I12:K12)) | M12: =IF($B12="","",H12-L12) | N12: =IF($B12="","",IF(R12="Ancien",0,Paramètres!$D$23)) | P12: =IF($B12="","",N12-O12) | Q12: =IF($B12="","",IF(AND(M12<=0,P12<=0),"Soldé","En retard"))
H13: =IF($B13="","",Paramètres!$C$23) | L13: =IF($B13="","",SUM(I13:K13)) | M13: =IF($B13="","",H13-L13) | N13: =IF($B13="","",IF(R13="Ancien",0,Paramètres!$D$23)) | P13: =IF($B13="","",N13-O13) | Q13: =IF($B13="","",IF(AND(M13<=0,P13<=0),"Soldé","En retard"))
H14: =IF($B14="","",Paramètres!$C$23) | L14: =IF($B14="","",SUM(I14:K14)) | M14: =IF($B14="","",H14-L14) | N14: =IF($B14="","",IF(R14="Ancien",0,Paramètres!$D$23)) | P14: =IF($B14="","",N14-O14) | Q14: =IF($B14="","",IF(AND(M14<=0,P14<=0),"Soldé","En retard"))
H15: =IF($B15="","",Paramètres!$C$23) | L15: =IF($B15="","",SUM(I15:K15)) | M15: =IF($B15="","",H15-L15) | N15: =IF($B15="","",IF(R15="Ancien",0,Paramètres!$D$23)) | P15: =IF($B15="","",N15-O15) | Q15: =IF($B15="","",IF(AND(M15<=0,P15<=0),"Soldé","En retard"))
... H83: =IF($B83="","",Paramètres!$C$23) | L83: =IF($B83="","",SUM(I83:K83)) | M83: =IF($B83="","",H83-L83) | N83: =IF($B83="","",IF(R83="Ancien",0,Paramètres!$D$23)) | P83: =IF($B83="","",N83-O83) | Q83: =IF($B83="","",IF(AND(M83<=0,P83<=0),"Soldé","En retard"))

Sheet Classe 5e
A1: ="INSCRIPTIONS — "&Paramètres!$A$24 -> INSCRIPTIONS — 5e
A2: ="Année scolaire "&Paramètres!$C$11&" • Effectif : "&COUNTIF($B$4:$B$83,"?*")&" • Cellules jaunes = montants à saisir ; colonnes grises = calcul automatique" -> Année scolaire 2025-2026 • Effectif : 0 • Cellules jaunes = montants à saisir ; colonnes grises = calcul automatique
A3: Matricule | B3: Nom | C3: Prénom(s) | D3: Sexe | E3: Date de naissance | F3: Nom du tuteur | G3: Téléphone | H3: Scolarité due | I3: Tranche 1 | J3: Tranche 2 | K3: Tranche 3 | L3: Total payé | M3: Reste à payer | N3: Inscription due | O3: Inscription payée | P3: Reste inscription | Q3: Statut | R3: Nouveau / Ancien
H4: =IF($B4="","",Paramètres!$C$24) | L4: =IF($B4="","",SUM(I4:K4)) | M4: =IF($B4="","",H4-L4) | N4: =IF($B4="","",IF(R4="Ancien",0,Paramètres!$D$24)) | P4: =IF($B4="","",N4-O4) | Q4: =IF($B4="","",IF(AND(M4<=0,P4<=0),"Soldé","En retard"))
H5: =IF($B5="","",Paramètres!$C$24) | L5: =IF($B5="","",SUM(I5:K5)) | M5: =IF($B5="","",H5-L5) | N5: =IF($B5="","",IF(R5="Ancien",0,Paramètres!$D$24)) | P5: =IF($B5="","",N5-O5) | Q5: =IF($B5="","",IF(AND(M5<=0,P5<=0),"Soldé","En retard"))
H6: =IF($B6="","",Paramètres!$C$24) | L6: =IF($B6="","",SUM(I6:K6)) | M6: =IF($B6="","",H6-L6) | N6: =IF($B6="","",IF(R6="Ancien",0,Paramètres!$D$24)) | P6: =IF($B6="","",N6-O6) | Q6: =IF($B6="","",IF(AND(M6<=0,P6<=0),"Soldé","En retard"))
H7: =IF($B7="","",Paramètres!$C$24) | L7: =IF($B7="","",SUM(I7:K7)) | M7: =IF($B7="","",H7-L7) | N7: =IF($B7="","",IF(R7="Ancien",0,Paramètres!$D$24)) | P7: =IF($B7="","",N7-O7) | Q7: =IF($B7="","",IF(AND(M7<=0,P7<=0),"Soldé","En retard"))
H8: =IF($B8="","",Paramètres!$C$24) | L8: =IF($B8="","",SUM(I8:K8)) | M8: =IF($B8="","",H8-L8) | N8: =IF($B8="","",IF(R8="Ancien",0,Paramètres!$D$24)) | P8: =IF($B8="","",N8-O8) | Q8: =IF($B8="","",IF(AND(M8<=0,P8<=0),"Soldé","En retard"))
H9: =IF($B9="","",Paramètres!$C$24) | L9: =IF($B9="","",SUM(I9:K9)) | M9: =IF($B9="","",H9-L9) | N9: =IF($B9="","",IF(R9="Ancien",0,Paramètres!$D$24)) | P9: =IF($B9="","",N9-O9) | Q9: =IF($B9="","",IF(AND(M9<=0,P9<=0),"Soldé","En retard"))
H10: =IF($B10="","",Paramètres!$C$24) | L10: =IF($B10="","",SUM(I10:K10)) | M10: =IF($B10="","",H10-L10) | N10: =IF($B10="","",IF(R10="Ancien",0,Paramètres!$D$24)) | P10: =IF($B10="","",N10-O10) | Q10: =IF($B10="","",IF(AND(M10<=0,P10<=0),"Soldé","En retard"))
H11: =IF($B11="","",Paramètres!$C$24) | L11: =IF($B11="","",SUM(I11:K11)) | M11: =IF($B11="","",H11-L11) | N11: =IF($B11="","",IF(R11="Ancien",0,Paramètres!$D$24)) | P11: =IF($B11="","",N11-O11) | Q11: =IF($B11="","",IF(AND(M11<=0,P11<=0),"Soldé","En retard"))
H12: =IF($B12="","",Paramètres!$C$24) | L12: =IF($B12="","",SUM(I12:K12)) | M12: =IF($B12="","",H12-L12) | N12: =IF($B12="","",IF(R12="Ancien",0,Paramètres!$D$24)) | P12: =IF($B12="","",N12-O12) | Q12: =IF($B12="","",IF(AND(M12<=0,P12<=0),"Soldé","En retard"))
H13: =IF($B13="","",Paramètres!$C$24) | L13: =IF($B13="","",SUM(I13:K13)) | M13: =IF($B13="","",H13-L13) | N13: =IF($B13="","",IF(R13="Ancien",0,Paramètres!$D$24)) | P13: =IF($B13="","",N13-O13) | Q13: =IF($B13="","",IF(AND(M13<=0,P13<=0),"Soldé","En retard"))
H14: =IF($B14="","",Paramètres!$C$24) | L14: =IF($B14="","",SUM(I14:K14)) | M14: =IF($B14="","",H14-L14) | N14: =IF($B14="","",IF(R14="Ancien",0,Paramètres!$D$24)) | P14: =IF($B14="","",N14-O14) | Q14: =IF($B14="","",IF(AND(M14<=0,P14<=0),"Soldé","En retard"))
H15: =IF($B15="","",Paramètres!$C$24) | L15: =IF($B15="","",SUM(I15:K15)) | M15: =IF($B15="","",H15-L15) | N15: =IF($B15="","",IF(R15="Ancien",0,Paramètres!$D$24)) | P15: =IF($B15="","",N15-O15) | Q15: =IF($B15="","",IF(AND(M15<=0,P15<=0),"Soldé","En retard"))
... H83: =IF($B83="","",Paramètres!$C$24) | L83: =IF($B83="","",SUM(I83:K83)) | M83: =IF($B83="","",H83-L83) | N83: =IF($B83="","",IF(R83="Ancien",0,Paramètres!$D$24)) | P83: =IF($B83="","",N83-O83) | Q83: =IF($B83="","",IF(AND(M83<=0,P83<=0),"Soldé","En retard"))

Sheet Classe 4e
A1: ="INSCRIPTIONS — "&Paramètres!$A$25 -> INSCRIPTIONS — 4e
A2: ="Année scolaire "&Paramètres!$C$11&" • Effectif : "&COUNTIF($B$4:$B$83,"?*")&" • Cellules jaunes = montants à saisir ; colonnes grises = calcul automatique" -> Année scolaire 2025-2026 • Effectif : 1 • Cellules jaunes = montants à saisir ; colonnes grises = calcul automatique
A3: Matricule | B3: Nom | C3: Prénom(s) | D3: Sexe | E3: Date de naissance | F3: Nom du tuteur | G3: Téléphone | H3: Scolarité due | I3: Tranche 1 | J3: Tranche 2 | K3: Tranche 3 | L3: Total payé | M3: Reste à payer | N3: Inscription due | O3: Inscription payée | P3: Reste inscription | Q3: Statut | R3: Nouveau / Ancien
A4: 2025-001 | B4: DAOUDA | C4: Falmata | D4: F | E4: 2015-09-14 | F4: Daouda Marthé | G4: +227 90 00 00 00 | H4: =IF($B4="","",Paramètres!$C$25) -> 150000 | I4: 150000 | L4: =IF($B4="","",SUM(I4:K4)) -> 150000 | M4: =IF($B4="","",H4-L4) -> 0 | N4: =IF($B4="","",IF(R4="Ancien",0,Paramètres!$D$25)) -> 3000 | P4: =IF($B4="","",N4-O4) -> 3000 | Q4: =IF($B4="","",IF(AND(M4<=0,P4<=0),"Soldé","En retard")) -> En retard
H5: =IF($B5="","",Paramètres!$C$25) | L5: =IF($B5="","",SUM(I5:K5)) | M5: =IF($B5="","",H5-L5) | N5: =IF($B5="","",IF(R5="Ancien",0,Paramètres!$D$25)) | P5: =IF($B5="","",N5-O5) | Q5: =IF($B5="","",IF(AND(M5<=0,P5<=0),"Soldé","En retard"))
H6: =IF($B6="","",Paramètres!$C$25) | L6: =IF($B6="","",SUM(I6:K6)) | M6: =IF($B6="","",H6-L6) | N6: =IF($B6="","",IF(R6="Ancien",0,Paramètres!$D$25)) | P6: =IF($B6="","",N6-O6) | Q6: =IF($B6="","",IF(AND(M6<=0,P6<=0),"Soldé","En retard"))
H7: =IF($B7="","",Paramètres!$C$25) | L7: =IF($B7="","",SUM(I7:K7)) | M7: =IF($B7="","",H7-L7) | N7: =IF($B7="","",IF(R7="Ancien",0,Paramètres!$D$25)) | P7: =IF($B7="","",N7-O7) | Q7: =IF($B7="","",IF(AND(M7<=0,P7<=0),"Soldé","En retard"))
H8: =IF($B8="","",Paramètres!$C$25) | L8: =IF($B8="","",SUM(I8:K8)) | M8: =IF($B8="","",H8-L8) | N8: =IF($B8="","",IF(R8="Ancien",0,Paramètres!$D$25)) | P8: =IF($B8="","",N8-O8) | Q8: =IF($B8="","",IF(AND(M8<=0,P8<=0),"Soldé","En retard"))
H9: =IF($B9="","",Paramètres!$C$25) | L9: =IF($B9="","",SUM(I9:K9)) | M9: =IF($B9="","",H9-L9) | N9: =IF($B9="","",IF(R9="Ancien",0,Paramètres!$D$25)) | P9: =IF($B9="","",N9-O9) | Q9: =IF($B9="","",IF(AND(M9<=0,P9<=0),"Soldé","En retard"))
H10: =IF($B10="","",Paramètres!$C$25) | L10: =IF($B10="","",SUM(I10:K10)) | M10: =IF($B10="","",H10-L10) | N10: =IF($B10="","",IF(R10="Ancien",0,Paramètres!$D$25)) | P10: =IF($B10="","",N10-O10) | Q10: =IF($B10="","",IF(AND(M10<=0,P10<=0),"Soldé","En retard"))
H11: =IF($B11="","",Paramètres!$C$25) | L11: =IF($B11="","",SUM(I11:K11)) | M11: =IF($B11="","",H11-L11) | N11: =IF($B11="","",IF(R11="Ancien",0,Paramètres!$D$25)) | P11: =IF($B11="","",N11-O11) | Q11: =IF($B11="","",IF(AND(M11<=0,P11<=0),"Soldé","En retard"))
H12: =IF($B12="","",Paramètres!$C$25) | L12: =IF($B12="","",SUM(I12:K12)) | M12: =IF($B12="","",H12-L12) | N12: =IF($B12="","",IF(R12="Ancien",0,Paramètres!$D$25)) | P12: =IF($B12="","",N12-O12) | Q12: =IF($B12="","",IF(AND(M12<=0,P12<=0),"Soldé","En retard"))
H13: =IF($B13="","",Paramètres!$C$25) | L13: =IF($B13="","",SUM(I13:K13)) | M13: =IF($B13="","",H13-L13) | N13: =IF($B13="","",IF(R13="Ancien",0,Paramètres!$D$25)) | P13: =IF($B13="","",N13-O13) | Q13: =IF($B13="","",IF(AND(M13<=0,P13<=0),"Soldé","En retard"))
H14: =IF($B14="","",Paramètres!$C$25) | L14: =IF($B14="","",SUM(I14:K14)) | M14: =IF($B14="","",H14-L14) | N14: =IF($B14="","",IF(R14="Ancien",0,Paramètres!$D$25)) | P14: =IF($B14="","",N14-O14) | Q14: =IF($B14="","",IF(AND(M14<=0,P14<=0),"Soldé","En retard"))
H15: =IF($B15="","",Paramètres!$C$25) | L15: =IF($B15="","",SUM(I15:K15)) | M15: =IF($B15="","",H15-L15) | N15: =IF($B15="","",IF(R15="Ancien",0,Paramètres!$D$25)) | P15: =IF($B15="","",N15-O15) | Q15: =IF($B15="","",IF(AND(M15<=0,P15<=0),"Soldé","En retard"))
H16: =IF($B16="","",Paramètres!$C$25) | L16: =IF($B16="","",SUM(I16:K16)) | M16: =IF($B16="","",H16-L16) | N16: =IF($B16="","",IF(R16="Ancien",0,Paramètres!$D$25)) | P16: =IF($B16="","",N16-O16) | Q16: =IF($B16="","",IF(AND(M16<=0,P16<=0),"Soldé","En retard"))
... H83: =IF($B83="","",Paramètres!$C$25) | L83: =IF($B83="","",SUM(I83:K83)) | M83: =IF($B83="","",H83-L83) | N83: =IF($B83="","",IF(R83="Ancien",0,Paramètres!$D$25)) | P83: =IF($B83="","",N83-O83) | Q83: =IF($B83="","",IF(AND(M83<=0,P83<=0),"Soldé","En retard"))

Sheet Classe 3e
A1: ="INSCRIPTIONS — "&Paramètres!$A$26 -> INSCRIPTIONS — 3e
A2: ="Année scolaire "&Paramètres!$C$11&" • Effectif : "&COUNTIF($B$4:$B$83,"?*")&" • Cellules jaunes = montants à saisir ; colonnes grises = calcul automatique" -> Année scolaire 2025-2026 • Effectif : 0 • Cellules jaunes = montants à saisir ; colonnes grises = calcul automatique
A3: Matricule | B3: Nom | C3: Prénom(s) | D3: Sexe | E3: Date de naissance | F3: Nom du tuteur | G3: Téléphone | H3: Scolarité due | I3: Tranche 1 | J3: Tranche 2 | K3: Tranche 3 | L3: Total payé | M3: Reste à payer | N3: Inscription due | O3: Inscription payée | P3: Reste inscription | Q3: Statut | R3: Nouveau / Ancien
H4: =IF($B4="","",Paramètres!$C$26) | L4: =IF($B4="","",SUM(I4:K4)) | M4: =IF($B4="","",H4-L4) | N4: =IF($B4="","",IF(R4="Ancien",0,Paramètres!$D$26)) | P4: =IF($B4="","",N4-O4) | Q4: =IF($B4="","",IF(AND(M4<=0,P4<=0),"Soldé","En retard"))
H5: =IF($B5="","",Paramètres!$C$26) | L5: =IF($B5="","",SUM(I5:K5)) | M5: =IF($B5="","",H5-L5) | N5: =IF($B5="","",IF(R5="Ancien",0,Paramètres!$D$26)) | P5: =IF($B5="","",N5-O5) | Q5: =IF($B5="","",IF(AND(M5<=0,P5<=0),"Soldé","En retard"))
H6: =IF($B6="","",Paramètres!$C$26) | L6: =IF($B6="","",SUM(I6:K6)) | M6: =IF($B6="","",H6-L6) | N6: =IF($B6="","",IF(R6="Ancien",0,Paramètres!$D$26)) | P6: =IF($B6="","",N6-O6) | Q6: =IF($B6="","",IF(AND(M6<=0,P6<=0),"Soldé","En retard"))
H7: =IF($B7="","",Paramètres!$C$26) | L7: =IF($B7="","",SUM(I7:K7)) | M7: =IF($B7="","",H7-L7) | N7: =IF($B7="","",IF(R7="Ancien",0,Paramètres!$D$26)) | P7: =IF($B7="","",N7-O7) | Q7: =IF($B7="","",IF(AND(M7<=0,P7<=0),"Soldé","En retard"))
H8: =IF($B8="","",Paramètres!$C$26) | L8: =IF($B8="","",SUM(I8:K8)) | M8: =IF($B8="","",H8-L8) | N8: =IF($B8="","",IF(R8="Ancien",0,Paramètres!$D$26)) | P8: =IF($B8="","",N8-O8) | Q8: =IF($B8="","",IF(AND(M8<=0,P8<=0),"Soldé","En retard"))
H9: =IF($B9="","",Paramètres!$C$26) | L9: =IF($B9="","",SUM(I9:K9)) | M9: =IF($B9="","",H9-L9) | N9: =IF($B9="","",IF(R9="Ancien",0,Paramètres!$D$26)) | P9: =IF($B9="","",N9-O9) | Q9: =IF($B9="","",IF(AND(M9<=0,P9<=0),"Soldé","En retard"))
H10: =IF($B10="","",Paramètres!$C$26) | L10: =IF($B10="","",SUM(I10:K10)) | M10: =IF($B10="","",H10-L10) | N10: =IF($B10="","",IF(R10="Ancien",0,Paramètres!$D$26)) | P10: =IF($B10="","",N10-O10) | Q10: =IF($B10="","",IF(AND(M10<=0,P10<=0),"Soldé","En retard"))
H11: =IF($B11="","",Paramètres!$C$26) | L11: =IF($B11="","",SUM(I11:K11)) | M11: =IF($B11="","",H11-L11) | N11: =IF($B11="","",IF(R11="Ancien",0,Paramètres!$D$26)) | P11: =IF($B11="","",N11-O11) | Q11: =IF($B11="","",IF(AND(M11<=0,P11<=0),"Soldé","En retard"))
H12: =IF($B12="","",Paramètres!$C$26) | L12: =IF($B12="","",SUM(I12:K12)) | M12: =IF($B12="","",H12-L12) | N12: =IF($B12="","",IF(R12="Ancien",0,Paramètres!$D$26)) | P12: =IF($B12="","",N12-O12) | Q12: =IF($B12="","",IF(AND(M12<=0,P12<=0),"Soldé","En retard"))
H13: =IF($B13="","",Paramètres!$C$26) | L13: =IF($B13="","",SUM(I13:K13)) | M13: =IF($B13="","",H13-L13) | N13: =IF($B13="","",IF(R13="Ancien",0,Paramètres!$D$26)) | P13: =IF($B13="","",N13-O13) | Q13: =IF($B13="","",IF(AND(M13<=0,P13<=0),"Soldé","En retard"))
H14: =IF($B14="","",Paramètres!$C$26) | L14: =IF($B14="","",SUM(I14:K14)) | M14: =IF($B14="","",H14-L14) | N14: =IF($B14="","",IF(R14="Ancien",0,Paramètres!$D$26)) | P14: =IF($B14="","",N14-O14) | Q14: =IF($B14="","",IF(AND(M14<=0,P14<=0),"Soldé","En retard"))
H15: =IF($B15="","",Paramètres!$C$26) | L15: =IF($B15="","",SUM(I15:K15)) | M15: =IF($B15="","",H15-L15) | N15: =IF($B15="","",IF(R15="Ancien",0,Paramètres!$D$26)) | P15: =IF($B15="","",N15-O15) | Q15: =IF($B15="","",IF(AND(M15<=0,P15<=0),"Soldé","En retard"))
... H83: =IF($B83="","",Paramètres!$C$26) | L83: =IF($B83="","",SUM(I83:K83)) | M83: =IF($B83="","",H83-L83) | N83: =IF($B83="","",IF(R83="Ancien",0,Paramètres!$D$26)) | P83: =IF($B83="","",N83-O83) | Q83: =IF($B83="","",IF(AND(M83<=0,P83<=0),"Soldé","En retard"))

Sheet Classe 2nde
A1: ="INSCRIPTIONS — "&Paramètres!$A$27 -> INSCRIPTIONS — 2nde
A2: ="Année scolaire "&Paramètres!$C$11&" • Effectif : "&COUNTIF($B$4:$B$83,"?*")&" • Cellules jaunes = montants à saisir ; colonnes grises = calcul automatique" -> Année scolaire 2025-2026 • Effectif : 1 • Cellules jaunes = montants à saisir ; colonnes grises = calcul automatique
A3: Matricule | B3: Nom | C3: Prénom(s) | D3: Sexe | E3: Date de naissance | F3: Nom du tuteur | G3: Téléphone | H3: Scolarité due | I3: Tranche 1 | J3: Tranche 2 | K3: Tranche 3 | L3: Total payé | M3: Reste à payer | N3: Inscription due | O3: Inscription payée | P3: Reste inscription | Q3: Statut | R3: Nouveau / Ancien
A4: 2025-002 | B4: DAOUDA | C4: Arimi | D4: M | E4: 36804 | F4: Daouda Marthé | G4: +227 90 00 00 00 | H4: =IF($B4="","",Paramètres!$C$27) -> 150000 | I4: 50000 | L4: =IF($B4="","",SUM(I4:K4)) -> 50000 | M4: =IF($B4="","",H4-L4) -> 100000 | N4: =IF($B4="","",IF(R4="Ancien",0,Paramètres!$D$27)) -> 3000 | P4: =IF($B4="","",N4-O4) -> 3000 | Q4: =IF($B4="","",IF(AND(M4<=0,P4<=0),"Soldé","En retard")) -> En retard
H5: =IF($B5="","",Paramètres!$C$27) | L5: =IF($B5="","",SUM(I5:K5)) | M5: =IF($B5="","",H5-L5) | N5: =IF($B5="","",IF(R5="Ancien",0,Paramètres!$D$27)) | P5: =IF($B5="","",N5-O5) | Q5: =IF($B5="","",IF(AND(M5<=0,P5<=0),"Soldé","En retard"))
H6: =IF($B6="","",Paramètres!$C$27) | L6: =IF($B6="","",SUM(I6:K6)) | M6: =IF($B6="","",H6-L6) | N6: =IF($B6="","",IF(R6="Ancien",0,Paramètres!$D$27)) | P6: =IF($B6="","",N6-O6) | Q6: =IF($B6="","",IF(AND(M6<=0,P6<=0),"Soldé","En retard"))
H7: =IF($B7="","",Paramètres!$C$27) | L7: =IF($B7="","",SUM(I7:K7)) | M7: =IF($B7="","",H7-L7) | N7: =IF($B7="","",IF(R7="Ancien",0,Paramètres!$D$27)) | P7: =IF($B7="","",N7-O7) | Q7: =IF($B7="","",IF(AND(M7<=0,P7<=0),"Soldé","En retard"))
H8: =IF($B8="","",Paramètres!$C$27) | L8: =IF($B8="","",SUM(I8:K8)) | M8: =IF($B8="","",H8-L8) | N8: =IF($B8="","",IF(R8="Ancien",0,Paramètres!$D$27)) | P8: =IF($B8="","",N8-O8) | Q8: =IF($B8="","",IF(AND(M8<=0,P8<=0),"Soldé","En retard"))
H9: =IF($B9="","",Paramètres!$C$27) | L9: =IF($B9="","",SUM(I9:K9)) | M9: =IF($B9="","",H9-L9) | N9: =IF($B9="","",IF(R9="Ancien",0,Paramètres!$D$27)) | P9: =IF($B9="","",N9-O9) | Q9: =IF($B9="","",IF(AND(M9<=0,P9<=0),"Soldé","En retard"))
H10: =IF($B10="","",Paramètres!$C$27) | L10: =IF($B10="","",SUM(I10:K10)) | M10: =IF($B10="","",H10-L10) | N10: =IF($B10="","",IF(R10="Ancien",0,Paramètres!$D$27)) | P10: =IF($B10="","",N10-O10) | Q10: =IF($B10="","",IF(AND(M10<=0,P10<=0),"Soldé","En retard"))
H11: =IF($B11="","",Paramètres!$C$27) | L11: =IF($B11="","",SUM(I11:K11)) | M11: =IF($B11="","",H11-L11) | N11: =IF($B11="","",IF(R11="Ancien",0,Paramètres!$D$27)) | P11: =IF($B11="","",N11-O11) | Q11: =IF($B11="","",IF(AND(M11<=0,P11<=0),"Soldé","En retard"))
H12: =IF($B12="","",Paramètres!$C$27) | L12: =IF($B12="","",SUM(I12:K12)) | M12: =IF($B12="","",H12-L12) | N12: =IF($B12="","",IF(R12="Ancien",0,Paramètres!$D$27)) | P12: =IF($B12="","",N12-O12) | Q12: =IF($B12="","",IF(AND(M12<=0,P12<=0),"Soldé","En retard"))
H13: =IF($B13="","",Paramètres!$C$27) | L13: =IF($B13="","",SUM(I13:K13)) | M13: =IF($B13="","",H13-L13) | N13: =IF($B13="","",IF(R13="Ancien",0,Paramètres!$D$27)) | P13: =IF($B13="","",N13-O13) | Q13: =IF($B13="","",IF(AND(M13<=0,P13<=0),"Soldé","En retard"))
H14: =IF($B14="","",Paramètres!$C$27) | L14: =IF($B14="","",SUM(I14:K14)) | M14: =IF($B14="","",H14-L14) | N14: =IF($B14="","",IF(R14="Ancien",0,Paramètres!$D$27)) | P14: =IF($B14="","",N14-O14) | Q14: =IF($B14="","",IF(AND(M14<=0,P14<=0),"Soldé","En retard"))
H15: =IF($B15="","",Paramètres!$C$27) | L15: =IF($B15="","",SUM(I15:K15)) | M15: =IF($B15="","",H15-L15) | N15: =IF($B15="","",IF(R15="Ancien",0,Paramètres!$D$27)) | P15: =IF($B15="","",N15-O15) | Q15: =IF($B15="","",IF(AND(M15<=0,P15<=0),"Soldé","En retard"))
H16: =IF($B16="","",Paramètres!$C$27) | L16: =IF($B16="","",SUM(I16:K16)) | M16: =IF($B16="","",H16-L16) | N16: =IF($B16="","",IF(R16="Ancien",0,Paramètres!$D$27)) | P16: =IF($B16="","",N16-O16) | Q16: =IF($B16="","",IF(AND(M16<=0,P16<=0),"Soldé","En retard"))
... H83: =IF($B83="","",Paramètres!$C$27) | L83: =IF($B83="","",SUM(I83:K83)) | M83: =IF($B83="","",H83-L83) | N83: =IF($B83="","",IF(R83="Ancien",0,Paramètres!$D$27)) | P83: =IF($B83="","",N83-O83) | Q83: =IF($B83="","",IF(AND(M83<=0,P83<=0),"Soldé","En retard"))

Sheet Classe 1ère A
A1: ="INSCRIPTIONS — "&Paramètres!$A$28 -> INSCRIPTIONS — 1ère A
A2: ="Année scolaire "&Paramètres!$C$11&" • Effectif : "&COUNTIF($B$4:$B$83,"?*")&" • Cellules jaunes = montants à saisir ; colonnes grises = calcul automatique" -> Année scolaire 2025-2026 • Effectif : 0 • Cellules jaunes = montants à saisir ; colonnes grises = calcul automatique
A3: Matricule | B3: Nom | C3: Prénom(s) | D3: Sexe | E3: Date de naissance | F3: Nom du tuteur | G3: Téléphone | H3: Scolarité due | I3: Tranche 1 | J3: Tranche 2 | K3: Tranche 3 | L3: Total payé | M3: Reste à payer | N3: Inscription due | O3: Inscription payée | P3: Reste inscription | Q3: Statut | R3: Nouveau / Ancien
H4: =IF($B4="","",Paramètres!$C$28) | L4: =IF($B4="","",SUM(I4:K4)) | M4: =IF($B4="","",H4-L4) | N4: =IF($B4="","",IF(R4="Ancien",0,Paramètres!$D$28)) | P4: =IF($B4="","",N4-O4) | Q4: =IF($B4="","",IF(AND(M4<=0,P4<=0),"Soldé","En retard"))
H5: =IF($B5="","",Paramètres!$C$28) | L5: =IF($B5="","",SUM(I5:K5)) | M5: =IF($B5="","",H5-L5) | N5: =IF($B5="","",IF(R5="Ancien",0,Paramètres!$D$28)) | P5: =IF($B5="","",N5-O5) | Q5: =IF($B5="","",IF(AND(M5<=0,P5<=0),"Soldé","En retard"))
H6: =IF($B6="","",Paramètres!$C$28) | L6: =IF($B6="","",SUM(I6:K6)) | M6: =IF($B6="","",H6-L6) | N6: =IF($B6="","",IF(R6="Ancien",0,Paramètres!$D$28)) | P6: =IF($B6="","",N6-O6) | Q6: =IF($B6="","",IF(AND(M6<=0,P6<=0),"Soldé","En retard"))
H7: =IF($B7="","",Paramètres!$C$28) | L7: =IF($B7="","",SUM(I7:K7)) | M7: =IF($B7="","",H7-L7) | N7: =IF($B7="","",IF(R7="Ancien",0,Paramètres!$D$28)) | P7: =IF($B7="","",N7-O7) | Q7: =IF($B7="","",IF(AND(M7<=0,P7<=0),"Soldé","En retard"))
H8: =IF($B8="","",Paramètres!$C$28) | L8: =IF($B8="","",SUM(I8:K8)) | M8: =IF($B8="","",H8-L8) | N8: =IF($B8="","",IF(R8="Ancien",0,Paramètres!$D$28)) | P8: =IF($B8="","",N8-O8) | Q8: =IF($B8="","",IF(AND(M8<=0,P8<=0),"Soldé","En retard"))
H9: =IF($B9="","",Paramètres!$C$28) | L9: =IF($B9="","",SUM(I9:K9)) | M9: =IF($B9="","",H9-L9) | N9: =IF($B9="","",IF(R9="Ancien",0,Paramètres!$D$28)) | P9: =IF($B9="","",N9-O9) | Q9: =IF($B9="","",IF(AND(M9<=0,P9<=0),"Soldé","En retard"))
H10: =IF($B10="","",Paramètres!$C$28) | L10: =IF($B10="","",SUM(I10:K10)) | M10: =IF($B10="","",H10-L10) | N10: =IF($B10="","",IF(R10="Ancien",0,Paramètres!$D$28)) | P10: =IF($B10="","",N10-O10) | Q10: =IF($B10="","",IF(AND(M10<=0,P10<=0),"Soldé","En retard"))
H11: =IF($B11="","",Paramètres!$C$28) | L11: =IF($B11="","",SUM(I11:K11)) | M11: =IF($B11="","",H11-L11) | N11: =IF($B11="","",IF(R11="Ancien",0,Paramètres!$D$28)) | P11: =IF($B11="","",N11-O11) | Q11: =IF($B11="","",IF(AND(M11<=0,P11<=0),"Soldé","En retard"))
H12: =IF($B12="","",Paramètres!$C$28) | L12: =IF($B12="","",SUM(I12:K12)) | M12: =IF($B12="","",H12-L12) | N12: =IF($B12="","",IF(R12="Ancien",0,Paramètres!$D$28)) | P12: =IF($B12="","",N12-O12) | Q12: =IF($B12="","",IF(AND(M12<=0,P12<=0),"Soldé","En retard"))
H13: =IF($B13="","",Paramètres!$C$28) | L13: =IF($B13="","",SUM(I13:K13)) | M13: =IF($B13="","",H13-L13) | N13: =IF($B13="","",IF(R13="Ancien",0,Paramètres!$D$28)) | P13: =IF($B13="","",N13-O13) | Q13: =IF($B13="","",IF(AND(M13<=0,P13<=0),"Soldé","En retard"))
H14: =IF($B14="","",Paramètres!$C$28) | L14: =IF($B14="","",SUM(I14:K14)) | M14: =IF($B14="","",H14-L14) | N14: =IF($B14="","",IF(R14="Ancien",0,Paramètres!$D$28)) | P14: =IF($B14="","",N14-O14) | Q14: =IF($B14="","",IF(AND(M14<=0,P14<=0),"Soldé","En retard"))
H15: =IF($B15="","",Paramètres!$C$28) | L15: =IF($B15="","",SUM(I15:K15)) | M15: =IF($B15="","",H15-L15) | N15: =IF($B15="","",IF(R15="Ancien",0,Paramètres!$D$28)) | P15: =IF($B15="","",N15-O15) | Q15: =IF($B15="","",IF(AND(M15<=0,P15<=0),"Soldé","En retard"))
... H83: =IF($B83="","",Paramètres!$C$28) | L83: =IF($B83="","",SUM(I83:K83)) | M83: =IF($B83="","",H83-L83) | N83: =IF($B83="","",IF(R83="Ancien",0,Paramètres!$D$28)) | P83: =IF($B83="","",N83-O83) | Q83: =IF($B83="","",IF(AND(M83<=0,P83<=0),"Soldé","En retard"))

Sheet Classe 1ère D
A1: ="INSCRIPTIONS — "&Paramètres!$A$29 -> INSCRIPTIONS — 1ère D
A2: ="Année scolaire "&Paramètres!$C$11&" • Effectif : "&COUNTIF($B$4:$B$83,"?*")&" • Cellules jaunes = montants à saisir ; colonnes grises = calcul automatique" -> Année scolaire 2025-2026 • Effectif : 0 • Cellules jaunes = montants à saisir ; colonnes grises = calcul automatique
A3: Matricule | B3: Nom | C3: Prénom(s) | D3: Sexe | E3: Date de naissance | F3: Nom du tuteur | G3: Téléphone | H3: Scolarité due | I3: Tranche 1 | J3: Tranche 2 | K3: Tranche 3 | L3: Total payé | M3: Reste à payer | N3: Inscription due | O3: Inscription payée | P3: Reste inscription | Q3: Statut | R3: Nouveau / Ancien
H4: =IF($B4="","",Paramètres!$C$29) | L4: =IF($B4="","",SUM(I4:K4)) | M4: =IF($B4="","",H4-L4) | N4: =IF($B4="","",IF(R4="Ancien",0,Paramètres!$D$29)) | P4: =IF($B4="","",N4-O4) | Q4: =IF($B4="","",IF(AND(M4<=0,P4<=0),"Soldé","En retard"))
H5: =IF($B5="","",Paramètres!$C$29) | L5: =IF($B5="","",SUM(I5:K5)) | M5: =IF($B5="","",H5-L5) | N5: =IF($B5="","",IF(R5="Ancien",0,Paramètres!$D$29)) | P5: =IF($B5="","",N5-O5) | Q5: =IF($B5="","",IF(AND(M5<=0,P5<=0),"Soldé","En retard"))
H6: =IF($B6="","",Paramètres!$C$29) | L6: =IF($B6="","",SUM(I6:K6)) | M6: =IF($B6="","",H6-L6) | N6: =IF($B6="","",IF(R6="Ancien",0,Paramètres!$D$29)) | P6: =IF($B6="","",N6-O6) | Q6: =IF($B6="","",IF(AND(M6<=0,P6<=0),"Soldé","En retard"))
H7: =IF($B7="","",Paramètres!$C$29) | L7: =IF($B7="","",SUM(I7:K7)) | M7: =IF($B7="","",H7-L7) | N7: =IF($B7="","",IF(R7="Ancien",0,Paramètres!$D$29)) | P7: =IF($B7="","",N7-O7) | Q7: =IF($B7="","",IF(AND(M7<=0,P7<=0),"Soldé","En retard"))
H8: =IF($B8="","",Paramètres!$C$29) | L8: =IF($B8="","",SUM(I8:K8)) | M8: =IF($B8="","",H8-L8) | N8: =IF($B8="","",IF(R8="Ancien",0,Paramètres!$D$29)) | P8: =IF($B8="","",N8-O8) | Q8: =IF($B8="","",IF(AND(M8<=0,P8<=0),"Soldé","En retard"))
H9: =IF($B9="","",Paramètres!$C$29) | L9: =IF($B9="","",SUM(I9:K9)) | M9: =IF($B9="","",H9-L9) | N9: =IF($B9="","",IF(R9="Ancien",0,Paramètres!$D$29)) | P9: =IF($B9="","",N9-O9) | Q9: =IF($B9="","",IF(AND(M9<=0,P9<=0),"Soldé","En retard"))
H10: =IF($B10="","",Paramètres!$C$29) | L10: =IF($B10="","",SUM(I10:K10)) | M10: =IF($B10="","",H10-L10) | N10: =IF($B10="","",IF(R10="Ancien",0,Paramètres!$D$29)) | P10: =IF($B10="","",N10-O10) | Q10: =IF($B10="","",IF(AND(M10<=0,P10<=0),"Soldé","En retard"))
H11: =IF($B11="","",Paramètres!$C$29) | L11: =IF($B11="","",SUM(I11:K11)) | M11: =IF($B11="","",H11-L11) | N11: =IF($B11="","",IF(R11="Ancien",0,Paramètres!$D$29)) | P11: =IF($B11="","",N11-O11) | Q11: =IF($B11="","",IF(AND(M11<=0,P11<=0),"Soldé","En retard"))
H12: =IF($B12="","",Paramètres!$C$29) | L12: =IF($B12="","",SUM(I12:K12)) | M12: =IF($B12="","",H12-L12) | N12: =IF($B12="","",IF(R12="Ancien",0,Paramètres!$D$29)) | P12: =IF($B12="","",N12-O12) | Q12: =IF($B12="","",IF(AND(M12<=0,P12<=0),"Soldé","En retard"))
H13: =IF($B13="","",Paramètres!$C$29) | L13: =IF($B13="","",SUM(I13:K13)) | M13: =IF($B13="","",H13-L13) | N13: =IF($B13="","",IF(R13="Ancien",0,Paramètres!$D$29)) | P13: =IF($B13="","",N13-O13) | Q13: =IF($B13="","",IF(AND(M13<=0,P13<=0),"Soldé","En retard"))
H14: =IF($B14="","",Paramètres!$C$29) | L14: =IF($B14="","",SUM(I14:K14)) | M14: =IF($B14="","",H14-L14) | N14: =IF($B14="","",IF(R14="Ancien",0,Paramètres!$D$29)) | P14: =IF($B14="","",N14-O14) | Q14: =IF($B14="","",IF(AND(M14<=0,P14<=0),"Soldé","En retard"))
H15: =IF($B15="","",Paramètres!$C$29) | L15: =IF($B15="","",SUM(I15:K15)) | M15: =IF($B15="","",H15-L15) | N15: =IF($B15="","",IF(R15="Ancien",0,Paramètres!$D$29)) | P15: =IF($B15="","",N15-O15) | Q15: =IF($B15="","",IF(AND(M15<=0,P15<=0),"Soldé","En retard"))
... H83: =IF($B83="","",Paramètres!$C$29) | L83: =IF($B83="","",SUM(I83:K83)) | M83: =IF($B83="","",H83-L83) | N83: =IF($B83="","",IF(R83="Ancien",0,Paramètres!$D$29)) | P83: =IF($B83="","",N83-O83) | Q83: =IF($B83="","",IF(AND(M83<=0,P83<=0),"Soldé","En retard"))

Sheet Classe Terminale A
A1: ="INSCRIPTIONS — "&Paramètres!$A$30 -> INSCRIPTIONS — Terminale A
A2: ="Année scolaire "&Paramètres!$C$11&" • Effectif : "&COUNTIF($B$4:$B$83,"?*")&" • Cellules jaunes = montants à saisir ; colonnes grises = calcul automatique" -> Année scolaire 2025-2026 • Effectif : 0 • Cellules jaunes = montants à saisir ; colonnes grises = calcul automatique
A3: Matricule | B3: Nom | C3: Prénom(s) | D3: Sexe | E3: Date de naissance | F3: Nom du tuteur | G3: Téléphone | H3: Scolarité due | I3: Tranche 1 | J3: Tranche 2 | K3: Tranche 3 | L3: Total payé | M3: Reste à payer | N3: Inscription due | O3: Inscription payée | P3: Reste inscription | Q3: Statut | R3: Nouveau / Ancien
H4: =IF($B4="","",Paramètres!$C$30) | L4: =IF($B4="","",SUM(I4:K4)) | M4: =IF($B4="","",H4-L4) | N4: =IF($B4="","",IF(R4="Ancien",0,Paramètres!$D$30)) | P4: =IF($B4="","",N4-O4) | Q4: =IF($B4="","",IF(AND(M4<=0,P4<=0),"Soldé","En retard"))
H5: =IF($B5="","",Paramètres!$C$30) | L5: =IF($B5="","",SUM(I5:K5)) | M5: =IF($B5="","",H5-L5) | N5: =IF($B5="","",IF(R5="Ancien",0,Paramètres!$D$30)) | P5: =IF($B5="","",N5-O5) | Q5: =IF($B5="","",IF(AND(M5<=0,P5<=0),"Soldé","En retard"))
H6: =IF($B6="","",Paramètres!$C$30) | L6: =IF($B6="","",SUM(I6:K6)) | M6: =IF($B6="","",H6-L6) | N6: =IF($B6="","",IF(R6="Ancien",0,Paramètres!$D$30)) | P6: =IF($B6="","",N6-O6) | Q6: =IF($B6="","",IF(AND(M6<=0,P6<=0),"Soldé","En retard"))
H7: =IF($B7="","",Paramètres!$C$30) | L7: =IF($B7="","",SUM(I7:K7)) | M7: =IF($B7="","",H7-L7) | N7: =IF($B7="","",IF(R7="Ancien",0,Paramètres!$D$30)) | P7: =IF($B7="","",N7-O7) | Q7: =IF($B7="","",IF(AND(M7<=0,P7<=0),"Soldé","En retard"))
H8: =IF($B8="","",Paramètres!$C$30) | L8: =IF($B8="","",SUM(I8:K8)) | M8: =IF($B8="","",H8-L8) | N8: =IF($B8="","",IF(R8="Ancien",0,Paramètres!$D$30)) | P8: =IF($B8="","",N8-O8) | Q8: =IF($B8="","",IF(AND(M8<=0,P8<=0),"Soldé","En retard"))
H9: =IF($B9="","",Paramètres!$C$30) | L9: =IF($B9="","",SUM(I9:K9)) | M9: =IF($B9="","",H9-L9) | N9: =IF($B9="","",IF(R9="Ancien",0,Paramètres!$D$30)) | P9: =IF($B9="","",N9-O9) | Q9: =IF($B9="","",IF(AND(M9<=0,P9<=0),"Soldé","En retard"))
H10: =IF($B10="","",Paramètres!$C$30) | L10: =IF($B10="","",SUM(I10:K10)) | M10: =IF($B10="","",H10-L10) | N10: =IF($B10="","",IF(R10="Ancien",0,Paramètres!$D$30)) | P10: =IF($B10="","",N10-O10) | Q10: =IF($B10="","",IF(AND(M10<=0,P10<=0),"Soldé","En retard"))
H11: =IF($B11="","",Paramètres!$C$30) | L11: =IF($B11="","",SUM(I11:K11)) | M11: =IF($B11="","",H11-L11) | N11: =IF($B11="","",IF(R11="Ancien",0,Paramètres!$D$30)) | P11: =IF($B11="","",N11-O11) | Q11: =IF($B11="","",IF(AND(M11<=0,P11<=0),"Soldé","En retard"))
H12: =IF($B12="","",Paramètres!$C$30) | L12: =IF($B12="","",SUM(I12:K12)) | M12: =IF($B12="","",H12-L12) | N12: =IF($B12="","",IF(R12="Ancien",0,Paramètres!$D$30)) | P12: =IF($B12="","",N12-O12) | Q12: =IF($B12="","",IF(AND(M12<=0,P12<=0),"Soldé","En retard"))
H13: =IF($B13="","",Paramètres!$C$30) | L13: =IF($B13="","",SUM(I13:K13)) | M13: =IF($B13="","",H13-L13) | N13: =IF($B13="","",IF(R13="Ancien",0,Paramètres!$D$30)) | P13: =IF($B13="","",N13-O13) | Q13: =IF($B13="","",IF(AND(M13<=0,P13<=0),"Soldé","En retard"))
H14: =IF($B14="","",Paramètres!$C$30) | L14: =IF($B14="","",SUM(I14:K14)) | M14: =IF($B14="","",H14-L14) | N14: =IF($B14="","",IF(R14="Ancien",0,Paramètres!$D$30)) | P14: =IF($B14="","",N14-O14) | Q14: =IF($B14="","",IF(AND(M14<=0,P14<=0),"Soldé","En retard"))
H15: =IF($B15="","",Paramètres!$C$30) | L15: =IF($B15="","",SUM(I15:K15)) | M15: =IF($B15="","",H15-L15) | N15: =IF($B15="","",IF(R15="Ancien",0,Paramètres!$D$30)) | P15: =IF($B15="","",N15-O15) | Q15: =IF($B15="","",IF(AND(M15<=0,P15<=0),"Soldé","En retard"))
... H83: =IF($B83="","",Paramètres!$C$30) | L83: =IF($B83="","",SUM(I83:K83)) | M83: =IF($B83="","",H83-L83) | N83: =IF($B83="","",IF(R83="Ancien",0,Paramètres!$D$30)) | P83: =IF($B83="","",N83-O83) | Q83: =IF($B83="","",IF(AND(M83<=0,P83<=0),"Soldé","En retard"))

Sheet Classe Terminale D
A1: ="INSCRIPTIONS — "&Paramètres!$A$31 -> INSCRIPTIONS — Terminale D
A2: ="Année scolaire "&Paramètres!$C$11&" • Effectif : "&COUNTIF($B$4:$B$83,"?*")&" • Cellules jaunes = montants à saisir ; colonnes grises = calcul automatique" -> Année scolaire 2025-2026 • Effectif : 0 • Cellules jaunes = montants à saisir ; colonnes grises = calcul automatique
A3: Matricule | B3: Nom | C3: Prénom(s) | D3: Sexe | E3: Date de naissance | F3: Nom du tuteur | G3: Téléphone | H3: Scolarité due | I3: Tranche 1 | J3: Tranche 2 | K3: Tranche 3 | L3: Total payé | M3: Reste à payer | N3: Inscription due | O3: Inscription payée | P3: Reste inscription | Q3: Statut | R3: Nouveau / Ancien
H4: =IF($B4="","",Paramètres!$C$31) | L4: =IF($B4="","",SUM(I4:K4)) | M4: =IF($B4="","",H4-L4) | N4: =IF($B4="","",IF(R4="Ancien",0,Paramètres!$D$31)) | P4: =IF($B4="","",N4-O4) | Q4: =IF($B4="","",IF(AND(M4<=0,P4<=0),"Soldé","En retard"))
H5: =IF($B5="","",Paramètres!$C$31) | L5: =IF($B5="","",SUM(I5:K5)) | M5: =IF($B5="","",H5-L5) | N5: =IF($B5="","",IF(R5="Ancien",0,Paramètres!$D$31)) | P5: =IF($B5="","",N5-O5) | Q5: =IF($B5="","",IF(AND(M5<=0,P5<=0),"Soldé","En retard"))
H6: =IF($B6="","",Paramètres!$C$31) | L6: =IF($B6="","",SUM(I6:K6)) | M6: =IF($B6="","",H6-L6) | N6: =IF($B6="","",IF(R6="Ancien",0,Paramètres!$D$31)) | P6: =IF($B6="","",N6-O6) | Q6: =IF($B6="","",IF(AND(M6<=0,P6<=0),"Soldé","En retard"))
H7: =IF($B7="","",Paramètres!$C$31) | L7: =IF($B7="","",SUM(I7:K7)) | M7: =IF($B7="","",H7-L7) | N7: =IF($B7="","",IF(R7="Ancien",0,Paramètres!$D$31)) | P7: =IF($B7="","",N7-O7) | Q7: =IF($B7="","",IF(AND(M7<=0,P7<=0),"Soldé","En retard"))
H8: =IF($B8="","",Paramètres!$C$31) | L8: =IF($B8="","",SUM(I8:K8)) | M8: =IF($B8="","",H8-L8) | N8: =IF($B8="","",IF(R8="Ancien",0,Paramètres!$D$31)) | P8: =IF($B8="","",N8-O8) | Q8: =IF($B8="","",IF(AND(M8<=0,P8<=0),"Soldé","En retard"))
H9: =IF($B9="","",Paramètres!$C$31) | L9: =IF($B9="","",SUM(I9:K9)) | M9: =IF($B9="","",H9-L9) | N9: =IF($B9="","",IF(R9="Ancien",0,Paramètres!$D$31)) | P9: =IF($B9="","",N9-O9) | Q9: =IF($B9="","",IF(AND(M9<=0,P9<=0),"Soldé","En retard"))
H10: =IF($B10="","",Paramètres!$C$31) | L10: =IF($B10="","",SUM(I10:K10)) | M10: =IF($B10="","",H10-L10) | N10: =IF($B10="","",IF(R10="Ancien",0,Paramètres!$D$31)) | P10: =IF($B10="","",N10-O10) | Q10: =IF($B10="","",IF(AND(M10<=0,P10<=0),"Soldé","En retard"))
H11: =IF($B11="","",Paramètres!$C$31) | L11: =IF($B11="","",SUM(I11:K11)) | M11: =IF($B11="","",H11-L11) | N11: =IF($B11="","",IF(R11="Ancien",0,Paramètres!$D$31)) | P11: =IF($B11="","",N11-O11) | Q11: =IF($B11="","",IF(AND(M11<=0,P11<=0),"Soldé","En retard"))
H12: =IF($B12="","",Paramètres!$C$31) | L12: =IF($B12="","",SUM(I12:K12)) | M12: =IF($B12="","",H12-L12) | N12: =IF($B12="","",IF(R12="Ancien",0,Paramètres!$D$31)) | P12: =IF($B12="","",N12-O12) | Q12: =IF($B12="","",IF(AND(M12<=0,P12<=0),"Soldé","En retard"))
H13: =IF($B13="","",Paramètres!$C$31) | L13: =IF($B13="","",SUM(I13:K13)) | M13: =IF($B13="","",H13-L13) | N13: =IF($B13="","",IF(R13="Ancien",0,Paramètres!$D$31)) | P13: =IF($B13="","",N13-O13) | Q13: =IF($B13="","",IF(AND(M13<=0,P13<=0),"Soldé","En retard"))
H14: =IF($B14="","",Paramètres!$C$31) | L14: =IF($B14="","",SUM(I14:K14)) | M14: =IF($B14="","",H14-L14) | N14: =IF($B14="","",IF(R14="Ancien",0,Paramètres!$D$31)) | P14: =IF($B14="","",N14-O14) | Q14: =IF($B14="","",IF(AND(M14<=0,P14<=0),"Soldé","En retard"))
H15: =IF($B15="","",Paramètres!$C$31) | L15: =IF($B15="","",SUM(I15:K15)) | M15: =IF($B15="","",H15-L15) | N15: =IF($B15="","",IF(R15="Ancien",0,Paramètres!$D$31)) | P15: =IF($B15="","",N15-O15) | Q15: =IF($B15="","",IF(AND(M15<=0,P15<=0),"Soldé","En retard"))
... H83: =IF($B83="","",Paramètres!$C$31) | L83: =IF($B83="","",SUM(I83:K83)) | M83: =IF($B83="","",H83-L83) | N83: =IF($B83="","",IF(R83="Ancien",0,Paramètres!$D$31)) | P83: =IF($B83="","",N83-O83) | Q83: =IF($B83="","",IF(AND(M83<=0,P83<=0),"Soldé","En retard"))

Sheet Liste des élèves
A1: REGISTRE GÉNÉRAL DES ÉLÈVES — LECTURE SEULE
A2: Cette feuille se remplit automatiquement à partir des feuilles « Classe … ». La saisie se fait dans la feuille de chaque classe, pas ici.
A3: Matricule | B3: Nom | C3: Prénom(s) | D3: Nom complet | E3: Classe | F3: Cycle | G3: Sexe | H3: Date de naissance | I3: Nom du tuteur | J3: Téléphone | K3: Scolarité due | L3: Tranche 1 | M3: Tranche 2 | N3: Tranche 3 | O3: Total payé | P3: Reste à payer | Q3: Statut | R3: Inscription due | S3: Inscription payée | T3: Reste inscription
A4: =IF('Classe Petite section'!$B4="","",IF('Classe Petite section'!A4="","",'Classe Petite section'!A4)) | B4: =IF('Classe Petite section'!$B4="","",IF('Classe Petite section'!B4="","",'Classe Petite section'!B4)) | C4: =IF('Classe Petite section'!$B4="","",IF('Classe Petite section'!C4="","",'Classe Petite section'!C4)) | D4: =IF($B4="","",C4&" "&B4&" - "&E4) | E4: =IF($B4="","",Paramètres!$A$15) | F4: =IF($B4="","",Paramètres!$B$15) | G4: =IF('Classe Petite section'!$B4="","",IF('Classe Petite section'!D4="","",'Classe Petite section'!D4)) | H4: =IF('Classe Petite section'!$B4="","",IF('Classe Petite section'!E4="","",'Classe Petite section'!E4)) | I4: =IF('Classe Petite section'!$B4="","",IF('Classe Petite section'!F4="","",'Classe Petite section'!F4)) | J4: =IF('Classe Petite section'!$B4="","",IF('Classe Petite section'!G4="","",'Classe Petite section'!G4)) | K4: =IF('Classe Petite section'!$B4="","",N('Classe Petite section'!H4)) | L4: =IF('Classe Petite section'!$B4="","",N('Classe Petite section'!I4)) | M4: =IF('Classe Petite section'!$B4="","",N('Classe Petite section'!J4)) | N4: =IF('Classe Petite section'!$B4="","",N('Classe Petite section'!K4)) | O4: =IF('Classe Petite section'!$B4="","",N('Classe Petite section'!L4)) | P4: =IF('Classe Petite section'!$B4="","",N('Classe Petite section'!M4)) | Q4: =IF('Classe Petite section'!$B4="","",IF('Classe Petite section'!Q4="","",'Classe Petite section'!Q4)) | R4: =IF('Classe Petite section'!$B4="","",N('Classe Petite section'!N4)) | S4: =IF('Classe Petite section'!$B4="","",N('Classe Petite section'!O4)) | T4: =IF('Classe Petite section'!$B4="","",N('Classe Petite section'!P4))
A5: =IF('Classe Petite section'!$B5="","",IF('Classe Petite section'!A5="","",'Classe Petite section'!A5)) | B5: =IF('Classe Petite section'!$B5="","",IF('Classe Petite section'!B5="","",'Classe Petite section'!B5)) | C5: =IF('Classe Petite section'!$B5="","",IF('Classe Petite section'!C5="","",'Classe Petite section'!C5)) | D5: =IF($B5="","",C5&" "&B5&" - "&E5) | E5: =IF($B5="","",Paramètres!$A$15) | F5: =IF($B5="","",Paramètres!$B$15) | G5: =IF('Classe Petite section'!$B5="","",IF('Classe Petite section'!D5="","",'Classe Petite section'!D5)) | H5: =IF('Classe Petite section'!$B5="","",IF('Classe Petite section'!E5="","",'Classe Petite section'!E5)) | I5: =IF('Classe Petite section'!$B5="","",IF('Classe Petite section'!F5="","",'Classe Petite section'!F5)) | J5: =IF('Classe Petite section'!$B5="","",IF('Classe Petite section'!G5="","",'Classe Petite section'!G5)) | K5: =IF('Classe Petite section'!$B5="","",N('Classe Petite section'!H5)) | L5: =IF('Classe Petite section'!$B5="","",N('Classe Petite section'!I5)) | M5: =IF('Classe Petite section'!$B5="","",N('Classe Petite section'!J5)) | N5: =IF('Classe Petite section'!$B5="","",N('Classe Petite section'!K5)) | O5: =IF('Classe Petite section'!$B5="","",N('Classe Petite section'!L5)) | P5: =IF('Classe Petite section'!$B5="","",N('Classe Petite section'!M5)) | Q5: =IF('Classe Petite section'!$B5="","",IF('Classe Petite section'!Q5="","",'Classe Petite section'!Q5)) | R5: =IF('Classe Petite section'!$B5="","",N('Classe Petite section'!N5)) | S5: =IF('Classe Petite section'!$B5="","",N('Classe Petite section'!O5)) | T5: =IF('Classe Petite section'!$B5="","",N('Classe Petite section'!P5))
A6: =IF('Classe Petite section'!$B6="","",IF('Classe Petite section'!A6="","",'Classe Petite section'!A6)) | B6: =IF('Classe Petite section'!$B6="","",IF('Classe Petite section'!B6="","",'Classe Petite section'!B6)) | C6: =IF('Classe Petite section'!$B6="","",IF('Classe Petite section'!C6="","",'Classe Petite section'!C6)) | D6: =IF($B6="","",C6&" "&B6&" - "&E6) | E6: =IF($B6="","",Paramètres!$A$15) | F6: =IF($B6="","",Paramètres!$B$15) | G6: =IF('Classe Petite section'!$B6="","",IF('Classe Petite section'!D6="","",'Classe Petite section'!D6)) | H6: =IF('Classe Petite section'!$B6="","",IF('Classe Petite section'!E6="","",'Classe Petite section'!E6)) | I6: =IF('Classe Petite section'!$B6="","",IF('Classe Petite section'!F6="","",'Classe Petite section'!F6)) | J6: =IF('Classe Petite section'!$B6="","",IF('Classe Petite section'!G6="","",'Classe Petite section'!G6)) | K6: =IF('Classe Petite section'!$B6="","",N('Classe Petite section'!H6)) | L6: =IF('Classe Petite section'!$B6="","",N('Classe Petite section'!I6)) | M6: =IF('Classe Petite section'!$B6="","",N('Classe Petite section'!J6)) | N6: =IF('Classe Petite section'!$B6="","",N('Classe Petite section'!K6)) | O6: =IF('Classe Petite section'!$B6="","",N('Classe Petite section'!L6)) | P6: =IF('Classe Petite section'!$B6="","",N('Classe Petite section'!M6)) | Q6: =IF('Classe Petite section'!$B6="","",IF('Classe Petite section'!Q6="","",'Classe Petite section'!Q6)) | R6: =IF('Classe Petite section'!$B6="","",N('Classe Petite section'!N6)) | S6: =IF('Classe Petite section'!$B6="","",N('Classe Petite section'!O6)) | T6: =IF('Classe Petite section'!$B6="","",N('Classe Petite section'!P6))
A7: =IF('Classe Petite section'!$B7="","",IF('Classe Petite section'!A7="","",'Classe Petite section'!A7)) | B7: =IF('Classe Petite section'!$B7="","",IF('Classe Petite section'!B7="","",'Classe Petite section'!B7)) | C7: =IF('Classe Petite section'!$B7="","",IF('Classe Petite section'!C7="","",'Classe Petite section'!C7)) | D7: =IF($B7="","",C7&" "&B7&" - "&E7) | E7: =IF($B7="","",Paramètres!$A$15) | F7: =IF($B7="","",Paramètres!$B$15) | G7: =IF('Classe Petite section'!$B7="","",IF('Classe Petite section'!D7="","",'Classe Petite section'!D7)) | H7: =IF('Classe Petite section'!$B7="","",IF('Classe Petite section'!E7="","",'Classe Petite section'!E7)) | I7: =IF('Classe Petite section'!$B7="","",IF('Classe Petite section'!F7="","",'Classe Petite section'!F7)) | J7: =IF('Classe Petite section'!$B7="","",IF('Classe Petite section'!G7="","",'Classe Petite section'!G7)) | K7: =IF('Classe Petite section'!$B7="","",N('Classe Petite section'!H7)) | L7: =IF('Classe Petite section'!$B7="","",N('Classe Petite section'!I7)) | M7: =IF('Classe Petite section'!$B7="","",N('Classe Petite section'!J7)) | N7: =IF('Classe Petite section'!$B7="","",N('Classe Petite section'!K7)) | O7: =IF('Classe Petite section'!$B7="","",N('Classe Petite section'!L7)) | P7: =IF('Classe Petite section'!$B7="","",N('Classe Petite section'!M7)) | Q7: =IF('Classe Petite section'!$B7="","",IF('Classe Petite section'!Q7="","",'Classe Petite section'!Q7)) | R7: =IF('Classe Petite section'!$B7="","",N('Classe Petite section'!N7)) | S7: =IF('Classe Petite section'!$B7="","",N('Classe Petite section'!O7)) | T7: =IF('Classe Petite section'!$B7="","",N('Classe Petite section'!P7))
A8: =IF('Classe Petite section'!$B8="","",IF('Classe Petite section'!A8="","",'Classe Petite section'!A8)) | B8: =IF('Classe Petite section'!$B8="","",IF('Classe Petite section'!B8="","",'Classe Petite section'!B8)) | C8: =IF('Classe Petite section'!$B8="","",IF('Classe Petite section'!C8="","",'Classe Petite section'!C8)) | D8: =IF($B8="","",C8&" "&B8&" - "&E8) | E8: =IF($B8="","",Paramètres!$A$15) | F8: =IF($B8="","",Paramètres!$B$15) | G8: =IF('Classe Petite section'!$B8="","",IF('Classe Petite section'!D8="","",'Classe Petite section'!D8)) | H8: =IF('Classe Petite section'!$B8="","",IF('Classe Petite section'!E8="","",'Classe Petite section'!E8)) | I8: =IF('Classe Petite section'!$B8="","",IF('Classe Petite section'!F8="","",'Classe Petite section'!F8)) | J8: =IF('Classe Petite section'!$B8="","",IF('Classe Petite section'!G8="","",'Classe Petite section'!G8)) | K8: =IF('Classe Petite section'!$B8="","",N('Classe Petite section'!H8)) | L8: =IF('Classe Petite section'!$B8="","",N('Classe Petite section'!I8)) | M8: =IF('Classe Petite section'!$B8="","",N('Classe Petite section'!J8)) | N8: =IF('Classe Petite section'!$B8="","",N('Classe Petite section'!K8)) | O8: =IF('Classe Petite section'!$B8="","",N('Classe Petite section'!L8)) | P8: =IF('Classe Petite section'!$B8="","",N('Classe Petite section'!M8)) | Q8: =IF('Classe Petite section'!$B8="","",IF('Classe Petite section'!Q8="","",'Classe Petite section'!Q8)) | R8: =IF('Classe Petite section'!$B8="","",N('Classe Petite section'!N8)) | S8: =IF('Classe Petite section'!$B8="","",N('Classe Petite section'!O8)) | T8: =IF('Classe Petite section'!$B8="","",N('Classe Petite section'!P8))
A9: =IF('Classe Petite section'!$B9="","",IF('Classe Petite section'!A9="","",'Classe Petite section'!A9)) | B9: =IF('Classe Petite section'!$B9="","",IF('Classe Petite section'!B9="","",'Classe Petite section'!B9)) | C9: =IF('Classe Petite section'!$B9="","",IF('Classe Petite section'!C9="","",'Classe Petite section'!C9)) | D9: =IF($B9="","",C9&" "&B9&" - "&E9) | E9: =IF($B9="","",Paramètres!$A$15) | F9: =IF($B9="","",Paramètres!$B$15) | G9: =IF('Classe Petite section'!$B9="","",IF('Classe Petite section'!D9="","",'Classe Petite section'!D9)) | H9: =IF('Classe Petite section'!$B9="","",IF('Classe Petite section'!E9="","",'Classe Petite section'!E9)) | I9: =IF('Classe Petite section'!$B9="","",IF('Classe Petite section'!F9="","",'Classe Petite section'!F9)) | J9: =IF('Classe Petite section'!$B9="","",IF('Classe Petite section'!G9="","",'Classe Petite section'!G9)) | K9: =IF('Classe Petite section'!$B9="","",N('Classe Petite section'!H9)) | L9: =IF('Classe Petite section'!$B9="","",N('Classe Petite section'!I9)) | M9: =IF('Classe Petite section'!$B9="","",N('Classe Petite section'!J9)) | N9: =IF('Classe Petite section'!$B9="","",N('Classe Petite section'!K9)) | O9: =IF('Classe Petite section'!$B9="","",N('Classe Petite section'!L9)) | P9: =IF('Classe Petite section'!$B9="","",N('Classe Petite section'!M9)) | Q9: =IF('Classe Petite section'!$B9="","",IF('Classe Petite section'!Q9="","",'Classe Petite section'!Q9)) | R9: =IF('Classe Petite section'!$B9="","",N('Classe Petite section'!N9)) | S9: =IF('Classe Petite section'!$B9="","",N('Classe Petite section'!O9)) | T9: =IF('Classe Petite section'!$B9="","",N('Classe Petite section'!P9))
A10: =IF('Classe Petite section'!$B10="","",IF('Classe Petite section'!A10="","",'Classe Petite section'!A10)) | B10: =IF('Classe Petite section'!$B10="","",IF('Classe Petite section'!B10="","",'Classe Petite section'!B10)) | C10: =IF('Classe Petite section'!$B10="","",IF('Classe Petite section'!C10="","",'Classe Petite section'!C10)) | D10: =IF($B10="","",C10&" "&B10&" - "&E10) | E10: =IF($B10="","",Paramètres!$A$15) | F10: =IF($B10="","",Paramètres!$B$15) | G10: =IF('Classe Petite section'!$B10="","",IF('Classe Petite section'!D10="","",'Classe Petite section'!D10)) | H10: =IF('Classe Petite section'!$B10="","",IF('Classe Petite section'!E10="","",'Classe Petite section'!E10)) | I10: =IF('Classe Petite section'!$B10="","",IF('Classe Petite section'!F10="","",'Classe Petite section'!F10)) | J10: =IF('Classe Petite section'!$B10="","",IF('Classe Petite section'!G10="","",'Classe Petite section'!G10)) | K10: =IF('Classe Petite section'!$B10="","",N('Classe Petite section'!H10)) | L10: =IF('Classe Petite section'!$B10="","",N('Classe Petite section'!I10)) | M10: =IF('Classe Petite section'!$B10="","",N('Classe Petite section'!J10)) | N10: =IF('Classe Petite section'!$B10="","",N('Classe Petite section'!K10)) | O10: =IF('Classe Petite section'!$B10="","",N('Classe Petite section'!L10)) | P10: =IF('Classe Petite section'!$B10="","",N('Classe Petite section'!M10)) | Q10: =IF('Classe Petite section'!$B10="","",IF('Classe Petite section'!Q10="","",'Classe Petite section'!Q10)) | R10: =IF('Classe Petite section'!$B10="","",N('Classe Petite section'!N10)) | S10: =IF('Classe Petite section'!$B10="","",N('Classe Petite section'!O10)) | T10: =IF('Classe Petite section'!$B10="","",N('Classe Petite section'!P10))
A11: =IF('Classe Petite section'!$B11="","",IF('Classe Petite section'!A11="","",'Classe Petite section'!A11)) | B11: =IF('Classe Petite section'!$B11="","",IF('Classe Petite section'!B11="","",'Classe Petite section'!B11)) | C11: =IF('Classe Petite section'!$B11="","",IF('Classe Petite section'!C11="","",'Classe Petite section'!C11)) | D11: =IF($B11="","",C11&" "&B11&" - "&E11) | E11: =IF($B11="","",Paramètres!$A$15) | F11: =IF($B11="","",Paramètres!$B$15) | G11: =IF('Classe Petite section'!$B11="","",IF('Classe Petite section'!D11="","",'Classe Petite section'!D11)) | H11: =IF('Classe Petite section'!$B11="","",IF('Classe Petite section'!E11="","",'Classe Petite section'!E11)) | I11: =IF('Classe Petite section'!$B11="","",IF('Classe Petite section'!F11="","",'Classe Petite section'!F11)) | J11: =IF('Classe Petite section'!$B11="","",IF('Classe Petite section'!G11="","",'Classe Petite section'!G11)) | K11: =IF('Classe Petite section'!$B11="","",N('Classe Petite section'!H11)) | L11: =IF('Classe Petite section'!$B11="","",N('Classe Petite section'!I11)) | M11: =IF('Classe Petite section'!$B11="","",N('Classe Petite section'!J11)) | N11: =IF('Classe Petite section'!$B11="","",N('Classe Petite section'!K11)) | O11: =IF('Classe Petite section'!$B11="","",N('Classe Petite section'!L11)) | P11: =IF('Classe Petite section'!$B11="","",N('Classe Petite section'!M11)) | Q11: =IF('Classe Petite section'!$B11="","",IF('Classe Petite section'!Q11="","",'Classe Petite section'!Q11)) | R11: =IF('Classe Petite section'!$B11="","",N('Classe Petite section'!N11)) | S11: =IF('Classe Petite section'!$B11="","",N('Classe Petite section'!O11)) | T11: =IF('Classe Petite section'!$B11="","",N('Classe Petite section'!P11))
A12: =IF('Classe Petite section'!$B12="","",IF('Classe Petite section'!A12="","",'Classe Petite section'!A12)) | B12: =IF('Classe Petite section'!$B12="","",IF('Classe Petite section'!B12="","",'Classe Petite section'!B12)) | C12: =IF('Classe Petite section'!$B12="","",IF('Classe Petite section'!C12="","",'Classe Petite section'!C12)) | D12: =IF($B12="","",C12&" "&B12&" - "&E12) | E12: =IF($B12="","",Paramètres!$A$15) | F12: =IF($B12="","",Paramètres!$B$15) | G12: =IF('Classe Petite section'!$B12="","",IF('Classe Petite section'!D12="","",'Classe Petite section'!D12)) | H12: =IF('Classe Petite section'!$B12="","",IF('Classe Petite section'!E12="","",'Classe Petite section'!E12)) | I12: =IF('Classe Petite section'!$B12="","",IF('Classe Petite section'!F12="","",'Classe Petite section'!F12)) | J12: =IF('Classe Petite section'!$B12="","",IF('Classe Petite section'!G12="","",'Classe Petite section'!G12)) | K12: =IF('Classe Petite section'!$B12="","",N('Classe Petite section'!H12)) | L12: =IF('Classe Petite section'!$B12="","",N('Classe Petite section'!I12)) | M12: =IF('Classe Petite section'!$B12="","",N('Classe Petite section'!J12)) | N12: =IF('Classe Petite section'!$B12="","",N('Classe Petite section'!K12)) | O12: =IF('Classe Petite section'!$B12="","",N('Classe Petite section'!L12)) | P12: =IF('Classe Petite section'!$B12="","",N('Classe Petite section'!M12)) | Q12: =IF('Classe Petite section'!$B12="","",IF('Classe Petite section'!Q12="","",'Classe Petite section'!Q12)) | R12: =IF('Classe Petite section'!$B12="","",N('Classe Petite section'!N12)) | S12: =IF('Classe Petite section'!$B12="","",N('Classe Petite section'!O12)) | T12: =IF('Classe Petite section'!$B12="","",N('Classe Petite section'!P12))
A13: =IF('Classe Petite section'!$B13="","",IF('Classe Petite section'!A13="","",'Classe Petite section'!A13)) | B13: =IF('Classe Petite section'!$B13="","",IF('Classe Petite section'!B13="","",'Classe Petite section'!B13)) | C13: =IF('Classe Petite section'!$B13="","",IF('Classe Petite section'!C13="","",'Classe Petite section'!C13)) | D13: =IF($B13="","",C13&" "&B13&" - "&E13) | E13: =IF($B13="","",Paramètres!$A$15) | F13: =IF($B13="","",Paramètres!$B$15) | G13: =IF('Classe Petite section'!$B13="","",IF('Classe Petite section'!D13="","",'Classe Petite section'!D13)) | H13: =IF('Classe Petite section'!$B13="","",IF('Classe Petite section'!E13="","",'Classe Petite section'!E13)) | I13: =IF('Classe Petite section'!$B13="","",IF('Classe Petite section'!F13="","",'Classe Petite section'!F13)) | J13: =IF('Classe Petite section'!$B13="","",IF('Classe Petite section'!G13="","",'Classe Petite section'!G13)) | K13: =IF('Classe Petite section'!$B13="","",N('Classe Petite section'!H13)) | L13: =IF('Classe Petite section'!$B13="","",N('Classe Petite section'!I13)) | M13: =IF('Classe Petite section'!$B13="","",N('Classe Petite section'!J13)) | N13: =IF('Classe Petite section'!$B13="","",N('Classe Petite section'!K13)) | O13: =IF('Classe Petite section'!$B13="","",N('Classe Petite section'!L13)) | P13: =IF('Classe Petite section'!$B13="","",N('Classe Petite section'!M13)) | Q13: =IF('Classe Petite section'!$B13="","",IF('Classe Petite section'!Q13="","",'Classe Petite section'!Q13)) | R13: =IF('Classe Petite section'!$B13="","",N('Classe Petite section'!N13)) | S13: =IF('Classe Petite section'!$B13="","",N('Classe Petite section'!O13)) | T13: =IF('Classe Petite section'!$B13="","",N('Classe Petite section'!P13))
A14: =IF('Classe Petite section'!$B14="","",IF('Classe Petite section'!A14="","",'Classe Petite section'!A14)) | B14: =IF('Classe Petite section'!$B14="","",IF('Classe Petite section'!B14="","",'Classe Petite section'!B14)) | C14: =IF('Classe Petite section'!$B14="","",IF('Classe Petite section'!C14="","",'Classe Petite section'!C14)) | D14: =IF($B14="","",C14&" "&B14&" - "&E14) | E14: =IF($B14="","",Paramètres!$A$15) | F14: =IF($B14="","",Paramètres!$B$15) | G14: =IF('Classe Petite section'!$B14="","",IF('Classe Petite section'!D14="","",'Classe Petite section'!D14)) | H14: =IF('Classe Petite section'!$B14="","",IF('Classe Petite section'!E14="","",'Classe Petite section'!E14)) | I14: =IF('Classe Petite section'!$B14="","",IF('Classe Petite section'!F14="","",'Classe Petite section'!F14)) | J14: =IF('Classe Petite section'!$B14="","",IF('Classe Petite section'!G14="","",'Classe Petite section'!G14)) | K14: =IF('Classe Petite section'!$B14="","",N('Classe Petite section'!H14)) | L14: =IF('Classe Petite section'!$B14="","",N('Classe Petite section'!I14)) | M14: =IF('Classe Petite section'!$B14="","",N('Classe Petite section'!J14)) | N14: =IF('Classe Petite section'!$B14="","",N('Classe Petite section'!K14)) | O14: =IF('Classe Petite section'!$B14="","",N('Classe Petite section'!L14)) | P14: =IF('Classe Petite section'!$B14="","",N('Classe Petite section'!M14)) | Q14: =IF('Classe Petite section'!$B14="","",IF('Classe Petite section'!Q14="","",'Classe Petite section'!Q14)) | R14: =IF('Classe Petite section'!$B14="","",N('Classe Petite section'!N14)) | S14: =IF('Classe Petite section'!$B14="","",N('Classe Petite section'!O14)) | T14: =IF('Classe Petite section'!$B14="","",N('Classe Petite section'!P14))
A15: =IF('Classe Petite section'!$B15="","",IF('Classe Petite section'!A15="","",'Classe Petite section'!A15)) | B15: =IF('Classe Petite section'!$B15="","",IF('Classe Petite section'!B15="","",'Classe Petite section'!B15)) | C15: =IF('Classe Petite section'!$B15="","",IF('Classe Petite section'!C15="","",'Classe Petite section'!C15)) | D15: =IF($B15="","",C15&" "&B15&" - "&E15) | E15: =IF($B15="","",Paramètres!$A$15) | F15: =IF($B15="","",Paramètres!$B$15) | G15: =IF('Classe Petite section'!$B15="","",IF('Classe Petite section'!D15="","",'Classe Petite section'!D15)) | H15: =IF('Classe Petite section'!$B15="","",IF('Classe Petite section'!E15="","",'Classe Petite section'!E15)) | I15: =IF('Classe Petite section'!$B15="","",IF('Classe Petite section'!F15="","",'Classe Petite section'!F15)) | J15: =IF('Classe Petite section'!$B15="","",IF('Classe Petite section'!G15="","",'Classe Petite section'!G15)) | K15: =IF('Classe Petite section'!$B15="","",N('Classe Petite section'!H15)) | L15: =IF('Classe Petite section'!$B15="","",N('Classe Petite section'!I15)) | M15: =IF('Classe Petite section'!$B15="","",N('Classe Petite section'!J15)) | N15: =IF('Classe Petite section'!$B15="","",N('Classe Petite section'!K15)) | O15: =IF('Classe Petite section'!$B15="","",N('Classe Petite section'!L15)) | P15: =IF('Classe Petite section'!$B15="","",N('Classe Petite section'!M15)) | Q15: =IF('Classe Petite section'!$B15="","",IF('Classe Petite section'!Q15="","",'Classe Petite section'!Q15)) | R15: =IF('Classe Petite section'!$B15="","",N('Classe Petite section'!N15)) | S15: =IF('Classe Petite section'!$B15="","",N('Classe Petite section'!O15)) | T15: =IF('Classe Petite section'!$B15="","",N('Classe Petite section'!P15))
... A83: =IF('Classe Petite section'!$B83="","",IF('Classe Petite section'!A83="","",'Classe Petite section'!A83)) | B83: =IF('Classe Petite section'!$B83="","",IF('Classe Petite section'!B83="","",'Classe Petite section'!B83)) | C83: =IF('Classe Petite section'!$B83="","",IF('Classe Petite section'!C83="","",'Classe Petite section'!C83)) | D83: =IF($B83="","",C83&" "&B83&" - "&E83) | E83: =IF($B83="","",Paramètres!$A$15) | F83: =IF($B83="","",Paramètres!$B$15) | G83: =IF('Classe Petite section'!$B83="","",IF('Classe Petite section'!D83="","",'Classe Petite section'!D83)) | H83: =IF('Classe Petite section'!$B83="","",IF('Classe Petite section'!E83="","",'Classe Petite section'!E83)) | I83: =IF('Classe Petite section'!$B83="","",IF('Classe Petite section'!F83="","",'Classe Petite section'!F83)) | J83: =IF('Classe Petite section'!$B83="","",IF('Classe Petite section'!G83="","",'Classe Petite section'!G83)) | K83: =IF('Classe Petite section'!$B83="","",N('Classe Petite section'!H83)) | L83: =IF('Classe Petite section'!$B83="","",N('Classe Petite section'!I83)) | M83: =IF('Classe Petite section'!$B83="","",N('Classe Petite section'!J83)) | N83: =IF('Classe Petite section'!$B83="","",N('Classe Petite section'!K83)) | O83: =IF('Classe Petite section'!$B83="","",N('Classe Petite section'!L83)) | P83: =IF('Classe Petite section'!$B83="","",N('Classe Petite section'!M83)) | Q83: =IF('Classe Petite section'!$B83="","",IF('Classe Petite section'!Q83="","",'Classe Petite section'!Q83)) | R83: =IF('Classe Petite section'!$B83="","",N('Classe Petite section'!N83)) | S83: =IF('Classe Petite section'!$B83="","",N('Classe Petite section'!O83)) | T83: =IF('Classe Petite section'!$B83="","",N('Classe Petite section'!P83))
A84: =IF('Classe Grande section'!$B4="","",IF('Classe Grande section'!A4="","",'Classe Grande section'!A4)) | B84: =IF('Classe Grande section'!$B4="","",IF('Classe Grande section'!B4="","",'Classe Grande section'!B4)) | C84: =IF('Classe Grande section'!$B4="","",IF('Classe Grande section'!C4="","",'Classe Grande section'!C4)) | D84: =IF($B84="","",C84&" "&B84&" - "&E84) | E84: =IF($B84="","",Paramètres!$A$16) | F84: =IF($B84="","",Paramètres!$B$16) | G84: =IF('Classe Grande section'!$B4="","",IF('Classe Grande section'!D4="","",'Classe Grande section'!D4)) | H84: =IF('Classe Grande section'!$B4="","",IF('Classe Grande section'!E4="","",'Classe Grande section'!E4)) | I84: =IF('Classe Grande section'!$B4="","",IF('Classe Grande section'!F4="","",'Classe Grande section'!F4)) | J84: =IF('Classe Grande section'!$B4="","",IF('Classe Grande section'!G4="","",'Classe Grande section'!G4)) | K84: =IF('Classe Grande section'!$B4="","",N('Classe Grande section'!H4)) | L84: =IF('Classe Grande section'!$B4="","",N('Classe Grande section'!I4)) | M84: =IF('Classe Grande section'!$B4="","",N('Classe Grande section'!J4)) | N84: =IF('Classe Grande section'!$B4="","",N('Classe Grande section'!K4)) | O84: =IF('Classe Grande section'!$B4="","",N('Classe Grande section'!L4)) | P84: =IF('Classe Grande section'!$B4="","",N('Classe Grande section'!M4)) | Q84: =IF('Classe Grande section'!$B4="","",IF('Classe Grande section'!Q4="","",'Classe Grande section'!Q4)) | R84: =IF('Classe Grande section'!$B4="","",N('Classe Grande section'!N4)) | S84: =IF('Classe Grande section'!$B4="","",N('Classe Grande section'!O4)) | T84: =IF('Classe Grande section'!$B4="","",N('Classe Grande section'!P4))
A85: =IF('Classe Grande section'!$B5="","",IF('Classe Grande section'!A5="","",'Classe Grande section'!A5)) | B85: =IF('Classe Grande section'!$B5="","",IF('Classe Grande section'!B5="","",'Classe Grande section'!B5)) | C85: =IF('Classe Grande section'!$B5="","",IF('Classe Grande section'!C5="","",'Classe Grande section'!C5)) | D85: =IF($B85="","",C85&" "&B85&" - "&E85) | E85: =IF($B85="","",Paramètres!$A$16) | F85: =IF($B85="","",Paramètres!$B$16) | G85: =IF('Classe Grande section'!$B5="","",IF('Classe Grande section'!D5="","",'Classe Grande section'!D5)) | H85: =IF('Classe Grande section'!$B5="","",IF('Classe Grande section'!E5="","",'Classe Grande section'!E5)) | I85: =IF('Classe Grande section'!$B5="","",IF('Classe Grande section'!F5="","",'Classe Grande section'!F5)) | J85: =IF('Classe Grande section'!$B5="","",IF('Classe Grande section'!G5="","",'Classe Grande section'!G5)) | K85: =IF('Classe Grande section'!$B5="","",N('Classe Grande section'!H5)) | L85: =IF('Classe Grande section'!$B5="","",N('Classe Grande section'!I5)) | M85: =IF('Classe Grande section'!$B5="","",N('Classe Grande section'!J5)) | N85: =IF('Classe Grande section'!$B5="","",N('Classe Grande section'!K5)) | O85: =IF('Classe Grande section'!$B5="","",N('Classe Grande section'!L5)) | P85: =IF('Classe Grande section'!$B5="","",N('Classe Grande section'!M5)) | Q85: =IF('Classe Grande section'!$B5="","",IF('Classe Grande section'!Q5="","",'Classe Grande section'!Q5)) | R85: =IF('Classe Grande section'!$B5="","",N('Classe Grande section'!N5)) | S85: =IF('Classe Grande section'!$B5="","",N('Classe Grande section'!O5)) | T85: =IF('Classe Grande section'!$B5="","",N('Classe Grande section'!P5))
A86: =IF('Classe Grande section'!$B6="","",IF('Classe Grande section'!A6="","",'Classe Grande section'!A6)) | B86: =IF('Classe Grande section'!$B6="","",IF('Classe Grande section'!B6="","",'Classe Grande section'!B6)) | C86: =IF('Classe Grande section'!$B6="","",IF('Classe Grande section'!C6="","",'Classe Grande section'!C6)) | D86: =IF($B86="","",C86&" "&B86&" - "&E86) | E86: =IF($B86="","",Paramètres!$A$16) | F86: =IF($B86="","",Paramètres!$B$16) | G86: =IF('Classe Grande section'!$B6="","",IF('Classe Grande section'!D6="","",'Classe Grande section'!D6)) | H86: =IF('Classe Grande section'!$B6="","",IF('Classe Grande section'!E6="","",'Classe Grande section'!E6)) | I86: =IF('Classe Grande section'!$B6="","",IF('Classe Grande section'!F6="","",'Classe Grande section'!F6)) | J86: =IF('Classe Grande section'!$B6="","",IF('Classe Grande section'!G6="","",'Classe Grande section'!G6)) | K86: =IF('Classe Grande section'!$B6="","",N('Classe Grande section'!H6)) | L86: =IF('Classe Grande section'!$B6="","",N('Classe Grande section'!I6)) | M86: =IF('Classe Grande section'!$B6="","",N('Classe Grande section'!J6)) | N86: =IF('Classe Grande section'!$B6="","",N('Classe Grande section'!K6)) | O86: =IF('Classe Grande section'!$B6="","",N('Classe Grande section'!L6)) | P86: =IF('Classe Grande section'!$B6="","",N('Classe Grande section'!M6)) | Q86: =IF('Classe Grande section'!$B6="","",IF('Classe Grande section'!Q6="","",'Classe Grande section'!Q6)) | R86: =IF('Classe Grande section'!$B6="","",N('Classe Grande section'!N6)) | S86: =IF('Classe Grande section'!$B6="","",N('Classe Grande section'!O6)) | T86: =IF('Classe Grande section'!$B6="","",N('Classe Grande section'!P6))
A87: =IF('Classe Grande section'!$B7="","",IF('Classe Grande section'!A7="","",'Classe Grande section'!A7)) | B87: =IF('Classe Grande section'!$B7="","",IF('Classe Grande section'!B7="","",'Classe Grande section'!B7)) | C87: =IF('Classe Grande section'!$B7="","",IF('Classe Grande section'!C7="","",'Classe Grande section'!C7)) | D87: =IF($B87="","",C87&" "&B87&" - "&E87) | E87: =IF($B87="","",Paramètres!$A$16) | F87: =IF($B87="","",Paramètres!$B$16) | G87: =IF('Classe Grande section'!$B7="","",IF('Classe Grande section'!D7="","",'Classe Grande section'!D7)) | H87: =IF('Classe Grande section'!$B7="","",IF('Classe Grande section'!E7="","",'Classe Grande section'!E7)) | I87: =IF('Classe Grande section'!$B7="","",IF('Classe Grande section'!F7="","",'Classe Grande section'!F7)) | J87: =IF('Classe Grande section'!$B7="","",IF('Classe Grande section'!G7="","",'Classe Grande section'!G7)) | K87: =IF('Classe Grande section'!$B7="","",N('Classe Grande section'!H7)) | L87: =IF('Classe Grande section'!$B7="","",N('Classe Grande section'!I7)) | M87: =IF('Classe Grande section'!$B7="","",N('Classe Grande section'!J7)) | N87: =IF('Classe Grande section'!$B7="","",N('Classe Grande section'!K7)) | O87: =IF('Classe Grande section'!$B7="","",N('Classe Grande section'!L7)) | P87: =IF('Classe Grande section'!$B7="","",N('Classe Grande section'!M7)) | Q87: =IF('Classe Grande section'!$B7="","",IF('Classe Grande section'!Q7="","",'Classe Grande section'!Q7)) | R87: =IF('Classe Grande section'!$B7="","",N('Classe Grande section'!N7)) | S87: =IF('Classe Grande section'!$B7="","",N('Classe Grande section'!O7)) | T87: =IF('Classe Grande section'!$B7="","",N('Classe Grande section'!P7))
A88: =IF('Classe Grande section'!$B8="","",IF('Classe Grande section'!A8="","",'Classe Grande section'!A8)) | B88: =IF('Classe Grande section'!$B8="","",IF('Classe Grande section'!B8="","",'Classe Grande section'!B8)) | C88: =IF('Classe Grande section'!$B8="","",IF('Classe Grande section'!C8="","",'Classe Grande section'!C8)) | D88: =IF($B88="","",C88&" "&B88&" - "&E88) | E88: =IF($B88="","",Paramètres!$A$16) | F88: =IF($B88="","",Paramètres!$B$16) | G88: =IF('Classe Grande section'!$B8="","",IF('Classe Grande section'!D8="","",'Classe Grande section'!D8)) | H88: =IF('Classe Grande section'!$B8="","",IF('Classe Grande section'!E8="","",'Classe Grande section'!E8)) | I88: =IF('Classe Grande section'!$B8="","",IF('Classe Grande section'!F8="","",'Classe Grande section'!F8)) | J88: =IF('Classe Grande section'!$B8="","",IF('Classe Grande section'!G8="","",'Classe Grande section'!G8)) | K88: =IF('Classe Grande section'!$B8="","",N('Classe Grande section'!H8)) | L88: =IF('Classe Grande section'!$B8="","",N('Classe Grande section'!I8)) | M88: =IF('Classe Grande section'!$B8="","",N('Classe Grande section'!J8)) | N88: =IF('Classe Grande section'!$B8="","",N('Classe Grande section'!K8)) | O88: =IF('Classe Grande section'!$B8="","",N('Classe Grande section'!L8)) | P88: =IF('Classe Grande section'!$B8="","",N('Classe Grande section'!M8)) | Q88: =IF('Classe Grande section'!$B8="","",IF('Classe Grande section'!Q8="","",'Classe Grande section'!Q8)) | R88: =IF('Classe Grande section'!$B8="","",N('Classe Grande section'!N8)) | S88: =IF('Classe Grande section'!$B8="","",N('Classe Grande section'!O8)) | T88: =IF('Classe Grande section'!$B8="","",N('Classe Grande section'!P8))
A89: =IF('Classe Grande section'!$B9="","",IF('Classe Grande section'!A9="","",'Classe Grande section'!A9)) | B89: =IF('Classe Grande section'!$B9="","",IF('Classe Grande section'!B9="","",'Classe Grande section'!B9)) | C89: =IF('Classe Grande section'!$B9="","",IF('Classe Grande section'!C9="","",'Classe Grande section'!C9)) | D89: =IF($B89="","",C89&" "&B89&" - "&E89) | E89: =IF($B89="","",Paramètres!$A$16) | F89: =IF($B89="","",Paramètres!$B$16) | G89: =IF('Classe Grande section'!$B9="","",IF('Classe Grande section'!D9="","",'Classe Grande section'!D9)) | H89: =IF('Classe Grande section'!$B9="","",IF('Classe Grande section'!E9="","",'Classe Grande section'!E9)) | I89: =IF('Classe Grande section'!$B9="","",IF('Classe Grande section'!F9="","",'Classe Grande section'!F9)) | J89: =IF('Classe Grande section'!$B9="","",IF('Classe Grande section'!G9="","",'Classe Grande section'!G9)) | K89: =IF('Classe Grande section'!$B9="","",N('Classe Grande section'!H9)) | L89: =IF('Classe Grande section'!$B9="","",N('Classe Grande section'!I9)) | M89: =IF('Classe Grande section'!$B9="","",N('Classe Grande section'!J9)) | N89: =IF('Classe Grande section'!$B9="","",N('Classe Grande section'!K9)) | O89: =IF('Classe Grande section'!$B9="","",N('Classe Grande section'!L9)) | P89: =IF('Classe Grande section'!$B9="","",N('Classe Grande section'!M9)) | Q89: =IF('Classe Grande section'!$B9="","",IF('Classe Grande section'!Q9="","",'Classe Grande section'!Q9)) | R89: =IF('Classe Grande section'!$B9="","",N('Classe Grande section'!N9)) | S89: =IF('Classe Grande section'!$B9="","",N('Classe Grande section'!O9)) | T89: =IF('Classe Grande section'!$B9="","",N('Classe Grande section'!P9))
A90: =IF('Classe Grande section'!$B10="","",IF('Classe Grande section'!A10="","",'Classe Grande section'!A10)) | B90: =IF('Classe Grande section'!$B10="","",IF('Classe Grande section'!B10="","",'Classe Grande section'!B10)) | C90: =IF('Classe Grande section'!$B10="","",IF('Classe Grande section'!C10="","",'Classe Grande section'!C10)) | D90: =IF($B90="","",C90&" "&B90&" - "&E90) | E90: =IF($B90="","",Paramètres!$A$16) | F90: =IF($B90="","",Paramètres!$B$16) | G90: =IF('Classe Grande section'!$B10="","",IF('Classe Grande section'!D10="","",'Classe Grande section'!D10)) | H90: =IF('Classe Grande section'!$B10="","",IF('Classe Grande section'!E10="","",'Classe Grande section'!E10)) | I90: =IF('Classe Grande section'!$B10="","",IF('Classe Grande section'!F10="","",'Classe Grande section'!F10)) | J90: =IF('Classe Grande section'!$B10="","",IF('Classe Grande section'!G10="","",'Classe Grande section'!G10)) | K90: =IF('Classe Grande section'!$B10="","",N('Classe Grande section'!H10)) | L90: =IF('Classe Grande section'!$B10="","",N('Classe Grande section'!I10)) | M90: =IF('Classe Grande section'!$B10="","",N('Classe Grande section'!J10)) | N90: =IF('Classe Grande section'!$B10="","",N('Classe Grande section'!K10)) | O90: =IF('Classe Grande section'!$B10="","",N('Classe Grande section'!L10)) | P90: =IF('Classe Grande section'!$B10="","",N('Classe Grande section'!M10)) | Q90: =IF('Classe Grande section'!$B10="","",IF('Classe Grande section'!Q10="","",'Classe Grande section'!Q10)) | R90: =IF('Classe Grande section'!$B10="","",N('Classe Grande section'!N10)) | S90: =IF('Classe Grande section'!$B10="","",N('Classe Grande section'!O10)) | T90: =IF('Classe Grande section'!$B10="","",N('Classe Grande section'!P10))
A91: =IF('Classe Grande section'!$B11="","",IF('Classe Grande section'!A11="","",'Classe Grande section'!A11)) | B91: =IF('Classe Grande section'!$B11="","",IF('Classe Grande section'!B11="","",'Classe Grande section'!B11)) | C91: =IF('Classe Grande section'!$B11="","",IF('Classe Grande section'!C11="","",'Classe Grande section'!C11)) | D91: =IF($B91="","",C91&" "&B91&" - "&E91) | E91: =IF($B91="","",Paramètres!$A$16) | F91: =IF($B91="","",Paramètres!$B$16) | G91: =IF('Classe Grande section'!$B11="","",IF('Classe Grande section'!D11="","",'Classe Grande section'!D11)) | H91: =IF('Classe Grande section'!$B11="","",IF('Classe Grande section'!E11="","",'Classe Grande section'!E11)) | I91: =IF('Classe Grande section'!$B11="","",IF('Classe Grande section'!F11="","",'Classe Grande section'!F11)) | J91: =IF('Classe Grande section'!$B11="","",IF('Classe Grande section'!G11="","",'Classe Grande section'!G11)) | K91: =IF('Classe Grande section'!$B11="","",N('Classe Grande section'!H11)) | L91: =IF('Classe Grande section'!$B11="","",N('Classe Grande section'!I11)) | M91: =IF('Classe Grande section'!$B11="","",N('Classe Grande section'!J11)) | N91: =IF('Classe Grande section'!$B11="","",N('Classe Grande section'!K11)) | O91: =IF('Classe Grande section'!$B11="","",N('Classe Grande section'!L11)) | P91: =IF('Classe Grande section'!$B11="","",N('Classe Grande section'!M11)) | Q91: =IF('Classe Grande section'!$B11="","",IF('Classe Grande section'!Q11="","",'Classe Grande section'!Q11)) | R91: =IF('Classe Grande section'!$B11="","",N('Classe Grande section'!N11)) | S91: =IF('Classe Grande section'!$B11="","",N('Classe Grande section'!O11)) | T91: =IF('Classe Grande section'!$B11="","",N('Classe Grande section'!P11))
A92: =IF('Classe Grande section'!$B12="","",IF('Classe Grande section'!A12="","",'Classe Grande section'!A12)) | B92: =IF('Classe Grande section'!$B12="","",IF('Classe Grande section'!B12="","",'Classe Grande section'!B12)) | C92: =IF('Classe Grande section'!$B12="","",IF('Classe Grande section'!C12="","",'Classe Grande section'!C12)) | D92: =IF($B92="","",C92&" "&B92&" - "&E92) | E92: =IF($B92="","",Paramètres!$A$16) | F92: =IF($B92="","",Paramètres!$B$16) | G92: =IF('Classe Grande section'!$B12="","",IF('Classe Grande section'!D12="","",'Classe Grande section'!D12)) | H92: =IF('Classe Grande section'!$B12="","",IF('Classe Grande section'!E12="","",'Classe Grande section'!E12)) | I92: =IF('Classe Grande section'!$B12="","",IF('Classe Grande section'!F12="","",'Classe Grande section'!F12)) | J92: =IF('Classe Grande section'!$B12="","",IF('Classe Grande section'!G12="","",'Classe Grande section'!G12)) | K92: =IF('Classe Grande section'!$B12="","",N('Classe Grande section'!H12)) | L92: =IF('Classe Grande section'!$B12="","",N('Classe Grande section'!I12)) | M92: =IF('Classe Grande section'!$B12="","",N('Classe Grande section'!J12)) | N92: =IF('Classe Grande section'!$B12="","",N('Classe Grande section'!K12)) | O92: =IF('Classe Grande section'!$B12="","",N('Classe Grande section'!L12)) | P92: =IF('Classe Grande section'!$B12="","",N('Classe Grande section'!M12)) | Q92: =IF('Classe Grande section'!$B12="","",IF('Classe Grande section'!Q12="","",'Classe Grande section'!Q12)) | R92: =IF('Classe Grande section'!$B12="","",N('Classe Grande section'!N12)) | S92: =IF('Classe Grande section'!$B12="","",N('Classe Grande section'!O12)) | T92: =IF('Classe Grande section'!$B12="","",N('Classe Grande section'!P12))
A93: =IF('Classe Grande section'!$B13="","",IF('Classe Grande section'!A13="","",'Classe Grande section'!A13)) | B93: =IF('Classe Grande section'!$B13="","",IF('Classe Grande section'!B13="","",'Classe Grande section'!B13)) | C93: =IF('Classe Grande section'!$B13="","",IF('Classe Grande section'!C13="","",'Classe Grande section'!C13)) | D93: =IF($B93="","",C93&" "&B93&" - "&E93) | E93: =IF($B93="","",Paramètres!$A$16) | F93: =IF($B93="","",Paramètres!$B$16) | G93: =IF('Classe Grande section'!$B13="","",IF('Classe Grande section'!D13="","",'Classe Grande section'!D13)) | H93: =IF('Classe Grande section'!$B13="","",IF('Classe Grande section'!E13="","",'Classe Grande section'!E13)) | I93: =IF('Classe Grande section'!$B13="","",IF('Classe Grande section'!F13="","",'Classe Grande section'!F13)) | J93: =IF('Classe Grande section'!$B13="","",IF('Classe Grande section'!G13="","",'Classe Grande section'!G13)) | K93: =IF('Classe Grande section'!$B13="","",N('Classe Grande section'!H13)) | L93: =IF('Classe Grande section'!$B13="","",N('Classe Grande section'!I13)) | M93: =IF('Classe Grande section'!$B13="","",N('Classe Grande section'!J13)) | N93: =IF('Classe Grande section'!$B13="","",N('Classe Grande section'!K13)) | O93: =IF('Classe Grande section'!$B13="","",N('Classe Grande section'!L13)) | P93: =IF('Classe Grande section'!$B13="","",N('Classe Grande section'!M13)) | Q93: =IF('Classe Grande section'!$B13="","",IF('Classe Grande section'!Q13="","",'Classe Grande section'!Q13)) | R93: =IF('Classe Grande section'!$B13="","",N('Classe Grande section'!N13)) | S93: =IF('Classe Grande section'!$B13="","",N('Classe Grande section'!O13)) | T93: =IF('Classe Grande section'!$B13="","",N('Classe Grande section'!P13))
A94: =IF('Classe Grande section'!$B14="","",IF('Classe Grande section'!A14="","",'Classe Grande section'!A14)) | B94: =IF('Classe Grande section'!$B14="","",IF('Classe Grande section'!B14="","",'Classe Grande section'!B14)) | C94: =IF('Classe Grande section'!$B14="","",IF('Classe Grande section'!C14="","",'Classe Grande section'!C14)) | D94: =IF($B94="","",C94&" "&B94&" - "&E94) | E94: =IF($B94="","",Paramètres!$A$16) | F94: =IF($B94="","",Paramètres!$B$16) | G94: =IF('Classe Grande section'!$B14="","",IF('Classe Grande section'!D14="","",'Classe Grande section'!D14)) | H94: =IF('Classe Grande section'!$B14="","",IF('Classe Grande section'!E14="","",'Classe Grande section'!E14)) | I94: =IF('Classe Grande section'!$B14="","",IF('Classe Grande section'!F14="","",'Classe Grande section'!F14)) | J94: =IF('Classe Grande section'!$B14="","",IF('Classe Grande section'!G14="","",'Classe Grande section'!G14)) | K94: =IF('Classe Grande section'!$B14="","",N('Classe Grande section'!H14)) | L94: =IF('Classe Grande section'!$B14="","",N('Classe Grande section'!I14)) | M94: =IF('Classe Grande section'!$B14="","",N('Classe Grande section'!J14)) | N94: =IF('Classe Grande section'!$B14="","",N('Classe Grande section'!K14)) | O94: =IF('Classe Grande section'!$B14="","",N('Classe Grande section'!L14)) | P94: =IF('Classe Grande section'!$B14="","",N('Classe Grande section'!M14)) | Q94: =IF('Classe Grande section'!$B14="","",IF('Classe Grande section'!Q14="","",'Classe Grande section'!Q14)) | R94: =IF('Classe Grande section'!$B14="","",N('Classe Grande section'!N14)) | S94: =IF('Classe Grande section'!$B14="","",N('Classe Grande section'!O14)) | T94: =IF('Classe Grande section'!$B14="","",N('Classe Grande section'!P14))
A95: =IF('Classe Grande section'!$B15="","",IF('Classe Grande section'!A15="","",'Classe Grande section'!A15)) | B95: =IF('Classe Grande section'!$B15="","",IF('Classe Grande section'!B15="","",'Classe Grande section'!B15)) | C95: =IF('Classe Grande section'!$B15="","",IF('Classe Grande section'!C15="","",'Classe Grande section'!C15)) | D95: =IF($B95="","",C95&" "&B95&" - "&E95) | E95: =IF($B95="","",Paramètres!$A$16) | F95: =IF($B95="","",Paramètres!$B$16) | G95: =IF('Classe Grande section'!$B15="","",IF('Classe Grande section'!D15="","",'Classe Grande section'!D15)) | H95: =IF('Classe Grande section'!$B15="","",IF('Classe Grande section'!E15="","",'Classe Grande section'!E15)) | I95: =IF('Classe Grande section'!$B15="","",IF('Classe Grande section'!F15="","",'Classe Grande section'!F15)) | J95: =IF('Classe Grande section'!$B15="","",IF('Classe Grande section'!G15="","",'Classe Grande section'!G15)) | K95: =IF('Classe Grande section'!$B15="","",N('Classe Grande section'!H15)) | L95: =IF('Classe Grande section'!$B15="","",N('Classe Grande section'!I15)) | M95: =IF('Classe Grande section'!$B15="","",N('Classe Grande section'!J15)) | N95: =IF('Classe Grande section'!$B15="","",N('Classe Grande section'!K15)) | O95: =IF('Classe Grande section'!$B15="","",N('Classe Grande section'!L15)) | P95: =IF('Classe Grande section'!$B15="","",N('Classe Grande section'!M15)) | Q95: =IF('Classe Grande section'!$B15="","",IF('Classe Grande section'!Q15="","",'Classe Grande section'!Q15)) | R95: =IF('Classe Grande section'!$B15="","",N('Classe Grande section'!N15)) | S95: =IF('Classe Grande section'!$B15="","",N('Classe Grande section'!O15)) | T95: =IF('Classe Grande section'!$B15="","",N('Classe Grande section'!P15))
... A163: =IF('Classe Grande section'!$B83="","",IF('Classe Grande section'!A83="","",'Classe Grande section'!A83)) | B163: =IF('Classe Grande section'!$B83="","",IF('Classe Grande section'!B83="","",'Classe Grande section'!B83)) | C163: =IF('Classe Grande section'!$B83="","",IF('Classe Grande section'!C83="","",'Classe Grande section'!C83)) | D163: =IF($B163="","",C163&" "&B163&" - "&E163) | E163: =IF($B163="","",Paramètres!$A$16) | F163: =IF($B163="","",Paramètres!$B$16) | G163: =IF('Classe Grande section'!$B83="","",IF('Classe Grande section'!D83="","",'Classe Grande section'!D83)) | H163: =IF('Classe Grande section'!$B83="","",IF('Classe Grande section'!E83="","",'Classe Grande section'!E83)) | I163: =IF('Classe Grande section'!$B83="","",IF('Classe Grande section'!F83="","",'Classe Grande section'!F83)) | J163: =IF('Classe Grande section'!$B83="","",IF('Classe Grande section'!G83="","",'Classe Grande section'!G83)) | K163: =IF('Classe Grande section'!$B83="","",N('Classe Grande section'!H83)) | L163: =IF('Classe Grande section'!$B83="","",N('Classe Grande section'!I83)) | M163: =IF('Classe Grande section'!$B83="","",N('Classe Grande section'!J83)) | N163: =IF('Classe Grande section'!$B83="","",N('Classe Grande section'!K83)) | O163: =IF('Classe Grande section'!$B83="","",N('Classe Grande section'!L83)) | P163: =IF('Classe Grande section'!$B83="","",N('Classe Grande section'!M83)) | Q163: =IF('Classe Grande section'!$B83="","",IF('Classe Grande section'!Q83="","",'Classe Grande section'!Q83)) | R163: =IF('Classe Grande section'!$B83="","",N('Classe Grande section'!N83)) | S163: =IF('Classe Grande section'!$B83="","",N('Classe Grande section'!O83)) | T163: =IF('Classe Grande section'!$B83="","",N('Classe Grande section'!P83))
A164: =IF('Classe CI'!$B4="","",IF('Classe CI'!A4="","",'Classe CI'!A4)) | B164: =IF('Classe CI'!$B4="","",IF('Classe CI'!B4="","",'Classe CI'!B4)) | C164: =IF('Classe CI'!$B4="","",IF('Classe CI'!C4="","",'Classe CI'!C4)) | D164: =IF($B164="","",C164&" "&B164&" - "&E164) | E164: =IF($B164="","",Paramètres!$A$17) | F164: =IF($B164="","",Paramètres!$B$17) | G164: =IF('Classe CI'!$B4="","",IF('Classe CI'!D4="","",'Classe CI'!D4)) | H164: =IF('Classe CI'!$B4="","",IF('Classe CI'!E4="","",'Classe CI'!E4)) | I164: =IF('Classe CI'!$B4="","",IF('Classe CI'!F4="","",'Classe CI'!F4)) | J164: =IF('Classe CI'!$B4="","",IF('Classe CI'!G4="","",'Classe CI'!G4)) | K164: =IF('Classe CI'!$B4="","",N('Classe CI'!H4)) | L164: =IF('Classe CI'!$B4="","",N('Classe CI'!I4)) | M164: =IF('Classe CI'!$B4="","",N('Classe CI'!J4)) | N164: =IF('Classe CI'!$B4="","",N('Classe CI'!K4)) | O164: =IF('Classe CI'!$B4="","",N('Classe CI'!L4)) | P164: =IF('Classe CI'!$B4="","",N('Classe CI'!M4)) | Q164: =IF('Classe CI'!$B4="","",IF('Classe CI'!Q4="","",'Classe CI'!Q4)) | R164: =IF('Classe CI'!$B4="","",N('Classe CI'!N4)) | S164: =IF('Classe CI'!$B4="","",N('Classe CI'!O4)) | T164: =IF('Classe CI'!$B4="","",N('Classe CI'!P4))
A165: =IF('Classe CI'!$B5="","",IF('Classe CI'!A5="","",'Classe CI'!A5)) | B165: =IF('Classe CI'!$B5="","",IF('Classe CI'!B5="","",'Classe CI'!B5)) | C165: =IF('Classe CI'!$B5="","",IF('Classe CI'!C5="","",'Classe CI'!C5)) | D165: =IF($B165="","",C165&" "&B165&" - "&E165) | E165: =IF($B165="","",Paramètres!$A$17) | F165: =IF($B165="","",Paramètres!$B$17) | G165: =IF('Classe CI'!$B5="","",IF('Classe CI'!D5="","",'Classe CI'!D5)) | H165: =IF('Classe CI'!$B5="","",IF('Classe CI'!E5="","",'Classe CI'!E5)) | I165: =IF('Classe CI'!$B5="","",IF('Classe CI'!F5="","",'Classe CI'!F5)) | J165: =IF('Classe CI'!$B5="","",IF('Classe CI'!G5="","",'Classe CI'!G5)) | K165: =IF('Classe CI'!$B5="","",N('Classe CI'!H5)) | L165: =IF('Classe CI'!$B5="","",N('Classe CI'!I5)) | M165: =IF('Classe CI'!$B5="","",N('Classe CI'!J5)) | N165: =IF('Classe CI'!$B5="","",N('Classe CI'!K5)) | O165: =IF('Classe CI'!$B5="","",N('Classe CI'!L5)) | P165: =IF('Classe CI'!$B5="","",N('Classe CI'!M5)) | Q165: =IF('Classe CI'!$B5="","",IF('Classe CI'!Q5="","",'Classe CI'!Q5)) | R165: =IF('Classe CI'!$B5="","",N('Classe CI'!N5)) | S165: =IF('Classe CI'!$B5="","",N('Classe CI'!O5)) | T165: =IF('Classe CI'!$B5="","",N('Classe CI'!P5))
A166: =IF('Classe CI'!$B6="","",IF('Classe CI'!A6="","",'Classe CI'!A6)) | B166: =IF('Classe CI'!$B6="","",IF('Classe CI'!B6="","",'Classe CI'!B6)) | C166: =IF('Classe CI'!$B6="","",IF('Classe CI'!C6="","",'Classe CI'!C6)) | D166: =IF($B166="","",C166&" "&B166&" - "&E166) | E166: =IF($B166="","",Paramètres!$A$17) | F166: =IF($B166="","",Paramètres!$B$17) | G166: =IF('Classe CI'!$B6="","",IF('Classe CI'!D6="","",'Classe CI'!D6)) | H166: =IF('Classe CI'!$B6="","",IF('Classe CI'!E6="","",'Classe CI'!E6)) | I166: =IF('Classe CI'!$B6="","",IF('Classe CI'!F6="","",'Classe CI'!F6)) | J166: =IF('Classe CI'!$B6="","",IF('Classe CI'!G6="","",'Classe CI'!G6)) | K166: =IF('Classe CI'!$B6="","",N('Classe CI'!H6)) | L166: =IF('Classe CI'!$B6="","",N('Classe CI'!I6)) | M166: =IF('Classe CI'!$B6="","",N('Classe CI'!J6)) | N166: =IF('Classe CI'!$B6="","",N('Classe CI'!K6)) | O166: =IF('Classe CI'!$B6="","",N('Classe CI'!L6)) | P166: =IF('Classe CI'!$B6="","",N('Classe CI'!M6)) | Q166: =IF('Classe CI'!$B6="","",IF('Classe CI'!Q6="","",'Classe CI'!Q6)) | R166: =IF('Classe CI'!$B6="","",N('Classe CI'!N6)) | S166: =IF('Classe CI'!$B6="","",N('Classe CI'!O6)) | T166: =IF('Classe CI'!$B6="","",N('Classe CI'!P6))
A167: =IF('Classe CI'!$B7="","",IF('Classe CI'!A7="","",'Classe CI'!A7)) | B167: =IF('Classe CI'!$B7="","",IF('Classe CI'!B7="","",'Classe CI'!B7)) | C167: =IF('Classe CI'!$B7="","",IF('Classe CI'!C7="","",'Classe CI'!C7)) | D167: =IF($B167="","",C167&" "&B167&" - "&E167) | E167: =IF($B167="","",Paramètres!$A$17) | F167: =IF($B167="","",Paramètres!$B$17) | G167: =IF('Classe CI'!$B7="","",IF('Classe CI'!D7="","",'Classe CI'!D7)) | H167: =IF('Classe CI'!$B7="","",IF('Classe CI'!E7="","",'Classe CI'!E7)) | I167: =IF('Classe CI'!$B7="","",IF('Classe CI'!F7="","",'Classe CI'!F7)) | J167: =IF('Classe CI'!$B7="","",IF('Classe CI'!G7="","",'Classe CI'!G7)) | K167: =IF('Classe CI'!$B7="","",N('Classe CI'!H7)) | L167: =IF('Classe CI'!$B7="","",N('Classe CI'!I7)) | M167: =IF('Classe CI'!$B7="","",N('Classe CI'!J7)) | N167: =IF('Classe CI'!$B7="","",N('Classe CI'!K7)) | O167: =IF('Classe CI'!$B7="","",N('Classe CI'!L7)) | P167: =IF('Classe CI'!$B7="","",N('Classe CI'!M7)) | Q167: =IF('Classe CI'!$B7="","",IF('Classe CI'!Q7="","",'Classe CI'!Q7)) | R167: =IF('Classe CI'!$B7="","",N('Classe CI'!N7)) | S167: =IF('Classe CI'!$B7="","",N('Classe CI'!O7)) | T167: =IF('Classe CI'!$B7="","",N('Classe CI'!P7))
A168: =IF('Classe CI'!$B8="","",IF('Classe CI'!A8="","",'Classe CI'!A8)) | B168: =IF('Classe CI'!$B8="","",IF('Classe CI'!B8="","",'Classe CI'!B8)) | C168: =IF('Classe CI'!$B8="","",IF('Classe CI'!C8="","",'Classe CI'!C8)) | D168: =IF($B168="","",C168&" "&B168&" - "&E168) | E168: =IF($B168="","",Paramètres!$A$17) | F168: =IF($B168="","",Paramètres!$B$17) | G168: =IF('Classe CI'!$B8="","",IF('Classe CI'!D8="","",'Classe CI'!D8)) | H168: =IF('Classe CI'!$B8="","",IF('Classe CI'!E8="","",'Classe CI'!E8)) | I168: =IF('Classe CI'!$B8="","",IF('Classe CI'!F8="","",'Classe CI'!F8)) | J168: =IF('Classe CI'!$B8="","",IF('Classe CI'!G8="","",'Classe CI'!G8)) | K168: =IF('Classe CI'!$B8="","",N('Classe CI'!H8)) | L168: =IF('Classe CI'!$B8="","",N('Classe CI'!I8)) | M168: =IF('Classe CI'!$B8="","",N('Classe CI'!J8)) | N168: =IF('Classe CI'!$B8="","",N('Classe CI'!K8)) | O168: =IF('Classe CI'!$B8="","",N('Classe CI'!L8)) | P168: =IF('Classe CI'!$B8="","",N('Classe CI'!M8)) | Q168: =IF('Classe CI'!$B8="","",IF('Classe CI'!Q8="","",'Classe CI'!Q8)) | R168: =IF('Classe CI'!$B8="","",N('Classe CI'!N8)) | S168: =IF('Classe CI'!$B8="","",N('Classe CI'!O8)) | T168: =IF('Classe CI'!$B8="","",N('Classe CI'!P8))
A169: =IF('Classe CI'!$B9="","",IF('Classe CI'!A9="","",'Classe CI'!A9)) | B169: =IF('Classe CI'!$B9="","",IF('Classe CI'!B9="","",'Classe CI'!B9)) | C169: =IF('Classe CI'!$B9="","",IF('Classe CI'!C9="","",'Classe CI'!C9)) | D169: =IF($B169="","",C169&" "&B169&" - "&E169) | E169: =IF($B169="","",Paramètres!$A$17) | F169: =IF($B169="","",Paramètres!$B$17) | G169: =IF('Classe CI'!$B9="","",IF('Classe CI'!D9="","",'Classe CI'!D9)) | H169: =IF('Classe CI'!$B9="","",IF('Classe CI'!E9="","",'Classe CI'!E9)) | I169: =IF('Classe CI'!$B9="","",IF('Classe CI'!F9="","",'Classe CI'!F9)) | J169: =IF('Classe CI'!$B9="","",IF('Classe CI'!G9="","",'Classe CI'!G9)) | K169: =IF('Classe CI'!$B9="","",N('Classe CI'!H9)) | L169: =IF('Classe CI'!$B9="","",N('Classe CI'!I9)) | M169: =IF('Classe CI'!$B9="","",N('Classe CI'!J9)) | N169: =IF('Classe CI'!$B9="","",N('Classe CI'!K9)) | O169: =IF('Classe CI'!$B9="","",N('Classe CI'!L9)) | P169: =IF('Classe CI'!$B9="","",N('Classe CI'!M9)) | Q169: =IF('Classe CI'!$B9="","",IF('Classe CI'!Q9="","",'Classe CI'!Q9)) | R169: =IF('Classe CI'!$B9="","",N('Classe CI'!N9)) | S169: =IF('Classe CI'!$B9="","",N('Classe CI'!O9)) | T169: =IF('Classe CI'!$B9="","",N('Classe CI'!P9))
A170: =IF('Classe CI'!$B10="","",IF('Classe CI'!A10="","",'Classe CI'!A10)) | B170: =IF('Classe CI'!$B10="","",IF('Classe CI'!B10="","",'Classe CI'!B10)) | C170: =IF('Classe CI'!$B10="","",IF('Classe CI'!C10="","",'Classe CI'!C10)) | D170: =IF($B170="","",C170&" "&B170&" - "&E170) | E170: =IF($B170="","",Paramètres!$A$17) | F170: =IF($B170="","",Paramètres!$B$17) | G170: =IF('Classe CI'!$B10="","",IF('Classe CI'!D10="","",'Classe CI'!D10)) | H170: =IF('Classe CI'!$B10="","",IF('Classe CI'!E10="","",'Classe CI'!E10)) | I170: =IF('Classe CI'!$B10="","",IF('Classe CI'!F10="","",'Classe CI'!F10)) | J170: =IF('Classe CI'!$B10="","",IF('Classe CI'!G10="","",'Classe CI'!G10)) | K170: =IF('Classe CI'!$B10="","",N('Classe CI'!H10)) | L170: =IF('Classe CI'!$B10="","",N('Classe CI'!I10)) | M170: =IF('Classe CI'!$B10="","",N('Classe CI'!J10)) | N170: =IF('Classe CI'!$B10="","",N('Classe CI'!K10)) | O170: =IF('Classe CI'!$B10="","",N('Classe CI'!L10)) | P170: =IF('Classe CI'!$B10="","",N('Classe CI'!M10)) | Q170: =IF('Classe CI'!$B10="","",IF('Classe CI'!Q10="","",'Classe CI'!Q10)) | R170: =IF('Classe CI'!$B10="","",N('Classe CI'!N10)) | S170: =IF('Classe CI'!$B10="","",N('Classe CI'!O10)) | T170: =IF('Classe CI'!$B10="","",N('Classe CI'!P10))
A171: =IF('Classe CI'!$B11="","",IF('Classe CI'!A11="","",'Classe CI'!A11)) | B171: =IF('Classe CI'!$B11="","",IF('Classe CI'!B11="","",'Classe CI'!B11)) | C171: =IF('Classe CI'!$B11="","",IF('Classe CI'!C11="","",'Classe CI'!C11)) | D171: =IF($B171="","",C171&" "&B171&" - "&E171) | E171: =IF($B171="","",Paramètres!$A$17) | F171: =IF($B171="","",Paramètres!$B$17) | G171: =IF('Classe CI'!$B11="","",IF('Classe CI'!D11="","",'Classe CI'!D11)) | H171: =IF('Classe CI'!$B11="","",IF('Classe CI'!E11="","",'Classe CI'!E11)) | I171: =IF('Classe CI'!$B11="","",IF('Classe CI'!F11="","",'Classe CI'!F11)) | J171: =IF('Classe CI'!$B11="","",IF('Classe CI'!G11="","",'Classe CI'!G11)) | K171: =IF('Classe CI'!$B11="","",N('Classe CI'!H11)) | L171: =IF('Classe CI'!$B11="","",N('Classe CI'!I11)) | M171: =IF('Classe CI'!$B11="","",N('Classe CI'!J11)) | N171: =IF('Classe CI'!$B11="","",N('Classe CI'!K11)) | O171: =IF('Classe CI'!$B11="","",N('Classe CI'!L11)) | P171: =IF('Classe CI'!$B11="","",N('Classe CI'!M11)) | Q171: =IF('Classe CI'!$B11="","",IF('Classe CI'!Q11="","",'Classe CI'!Q11)) | R171: =IF('Classe CI'!$B11="","",N('Classe CI'!N11)) | S171: =IF('Classe CI'!$B11="","",N('Classe CI'!O11)) | T171: =IF('Classe CI'!$B11="","",N('Classe CI'!P11))
A172: =IF('Classe CI'!$B12="","",IF('Classe CI'!A12="","",'Classe CI'!A12)) | B172: =IF('Classe CI'!$B12="","",IF('Classe CI'!B12="","",'Classe CI'!B12)) | C172: =IF('Classe CI'!$B12="","",IF('Classe CI'!C12="","",'Classe CI'!C12)) | D172: =IF($B172="","",C172&" "&B172&" - "&E172) | E172: =IF($B172="","",Paramètres!$A$17) | F172: =IF($B172="","",Paramètres!$B$17) | G172: =IF('Classe CI'!$B12="","",IF('Classe CI'!D12="","",'Classe CI'!D12)) | H172: =IF('Classe CI'!$B12="","",IF('Classe CI'!E12="","",'Classe CI'!E12)) | I172: =IF('Classe CI'!$B12="","",IF('Classe CI'!F12="","",'Classe CI'!F12)) | J172: =IF('Classe CI'!$B12="","",IF('Classe CI'!G12="","",'Classe CI'!G12)) | K172: =IF('Classe CI'!$B12="","",N('Classe CI'!H12)) | L172: =IF('Classe CI'!$B12="","",N('Classe CI'!I12)) | M172: =IF('Classe CI'!$B12="","",N('Classe CI'!J12)) | N172: =IF('Classe CI'!$B12="","",N('Classe CI'!K12)) | O172: =IF('Classe CI'!$B12="","",N('Classe CI'!L12)) | P172: =IF('Classe CI'!$B12="","",N('Classe CI'!M12)) | Q172: =IF('Classe CI'!$B12="","",IF('Classe CI'!Q12="","",'Classe CI'!Q12)) | R172: =IF('Classe CI'!$B12="","",N('Classe CI'!N12)) | S172: =IF('Classe CI'!$B12="","",N('Classe CI'!O12)) | T172: =IF('Classe CI'!$B12="","",N('Classe CI'!P12))
A173: =IF('Classe CI'!$B13="","",IF('Classe CI'!A13="","",'Classe CI'!A13)) | B173: =IF('Classe CI'!$B13="","",IF('Classe CI'!B13="","",'Classe CI'!B13)) | C173: =IF('Classe CI'!$B13="","",IF('Classe CI'!C13="","",'Classe CI'!C13)) | D173: =IF($B173="","",C173&" "&B173&" - "&E173) | E173: =IF($B173="","",Paramètres!$A$17) | F173: =IF($B173="","",Paramètres!$B$17) | G173: =IF('Classe CI'!$B13="","",IF('Classe CI'!D13="","",'Classe CI'!D13)) | H173: =IF('Classe CI'!$B13="","",IF('Classe CI'!E13="","",'Classe CI'!E13)) | I173: =IF('Classe CI'!$B13="","",IF('Classe CI'!F13="","",'Classe CI'!F13)) | J173: =IF('Classe CI'!$B13="","",IF('Classe CI'!G13="","",'Classe CI'!G13)) | K173: =IF('Classe CI'!$B13="","",N('Classe CI'!H13)) | L173: =IF('Classe CI'!$B13="","",N('Classe CI'!I13)) | M173: =IF('Classe CI'!$B13="","",N('Classe CI'!J13)) | N173: =IF('Classe CI'!$B13="","",N('Classe CI'!K13)) | O173: =IF('Classe CI'!$B13="","",N('Classe CI'!L13)) | P173: =IF('Classe CI'!$B13="","",N('Classe CI'!M13)) | Q173: =IF('Classe CI'!$B13="","",IF('Classe CI'!Q13="","",'Classe CI'!Q13)) | R173: =IF('Classe CI'!$B13="","",N('Classe CI'!N13)) | S173: =IF('Classe CI'!$B13="","",N('Classe CI'!O13)) | T173: =IF('Classe CI'!$B13="","",N('Classe CI'!P13))
A174: =IF('Classe CI'!$B14="","",IF('Classe CI'!A14="","",'Classe CI'!A14)) | B174: =IF('Classe CI'!$B14="","",IF('Classe CI'!B14="","",'Classe CI'!B14)) | C174: =IF('Classe CI'!$B14="","",IF('Classe CI'!C14="","",'Classe CI'!C14)) | D174: =IF($B174="","",C174&" "&B174&" - "&E174) | E174: =IF($B174="","",Paramètres!$A$17) | F174: =IF($B174="","",Paramètres!$B$17) | G174: =IF('Classe CI'!$B14="","",IF('Classe CI'!D14="","",'Classe CI'!D14)) | H174: =IF('Classe CI'!$B14="","",IF('Classe CI'!E14="","",'Classe CI'!E14)) | I174: =IF('Classe CI'!$B14="","",IF('Classe CI'!F14="","",'Classe CI'!F14)) | J174: =IF('Classe CI'!$B14="","",IF('Classe CI'!G14="","",'Classe CI'!G14)) | K174: =IF('Classe CI'!$B14="","",N('Classe CI'!H14)) | L174: =IF('Classe CI'!$B14="","",N('Classe CI'!I14)) | M174: =IF('Classe CI'!$B14="","",N('Classe CI'!J14)) | N174: =IF('Classe CI'!$B14="","",N('Classe CI'!K14)) | O174: =IF('Classe CI'!$B14="","",N('Classe CI'!L14)) | P174: =IF('Classe CI'!$B14="","",N('Classe CI'!M14)) | Q174: =IF('Classe CI'!$B14="","",IF('Classe CI'!Q14="","",'Classe CI'!Q14)) | R174: =IF('Classe CI'!$B14="","",N('Classe CI'!N14)) | S174: =IF('Classe CI'!$B14="","",N('Classe CI'!O14)) | T174: =IF('Classe CI'!$B14="","",N('Classe CI'!P14))
A175: =IF('Classe CI'!$B15="","",IF('Classe CI'!A15="","",'Classe CI'!A15)) | B175: =IF('Classe CI'!$B15="","",IF('Classe CI'!B15="","",'Classe CI'!B15)) | C175: =IF('Classe CI'!$B15="","",IF('Classe CI'!C15="","",'Classe CI'!C15)) | D175: =IF($B175="","",C175&" "&B175&" - "&E175) | E175: =IF($B175="","",Paramètres!$A$17) | F175: =IF($B175="","",Paramètres!$B$17) | G175: =IF('Classe CI'!$B15="","",IF('Classe CI'!D15="","",'Classe CI'!D15)) | H175: =IF('Classe CI'!$B15="","",IF('Classe CI'!E15="","",'Classe CI'!E15)) | I175: =IF('Classe CI'!$B15="","",IF('Classe CI'!F15="","",'Classe CI'!F15)) | J175: =IF('Classe CI'!$B15="","",IF('Classe CI'!G15="","",'Classe CI'!G15)) | K175: =IF('Classe CI'!$B15="","",N('Classe CI'!H15)) | L175: =IF('Classe CI'!$B15="","",N('Classe CI'!I15)) | M175: =IF('Classe CI'!$B15="","",N('Classe CI'!J15)) | N175: =IF('Classe CI'!$B15="","",N('Classe CI'!K15)) | O175: =IF('Classe CI'!$B15="","",N('Classe CI'!L15)) | P175: =IF('Classe CI'!$B15="","",N('Classe CI'!M15)) | Q175: =IF('Classe CI'!$B15="","",IF('Classe CI'!Q15="","",'Classe CI'!Q15)) | R175: =IF('Classe CI'!$B15="","",N('Classe CI'!N15)) | S175: =IF('Classe CI'!$B15="","",N('Classe CI'!O15)) | T175: =IF('Classe CI'!$B15="","",N('Classe CI'!P15))
... A243: =IF('Classe CI'!$B83="","",IF('Classe CI'!A83="","",'Classe CI'!A83)) | B243: =IF('Classe CI'!$B83="","",IF('Classe CI'!B83="","",'Classe CI'!B83)) | C243: =IF('Classe CI'!$B83="","",IF('Classe CI'!C83="","",'Classe CI'!C83)) | D243: =IF($B243="","",C243&" "&B243&" - "&E243) | E243: =IF($B243="","",Paramètres!$A$17) | F243: =IF($B243="","",Paramètres!$B$17) | G243: =IF('Classe CI'!$B83="","",IF('Classe CI'!D83="","",'Classe CI'!D83)) | H243: =IF('Classe CI'!$B83="","",IF('Classe CI'!E83="","",'Classe CI'!E83)) | I243: =IF('Classe CI'!$B83="","",IF('Classe CI'!F83="","",'Classe CI'!F83)) | J243: =IF('Classe CI'!$B83="","",IF('Classe CI'!G83="","",'Classe CI'!G83)) | K243: =IF('Classe CI'!$B83="","",N('Classe CI'!H83)) | L243: =IF('Classe CI'!$B83="","",N('Classe CI'!I83)) | M243: =IF('Classe CI'!$B83="","",N('Classe CI'!J83)) | N243: =IF('Classe CI'!$B83="","",N('Classe CI'!K83)) | O243: =IF('Classe CI'!$B83="","",N('Classe CI'!L83)) | P243: =IF('Classe CI'!$B83="","",N('Classe CI'!M83)) | Q243: =IF('Classe CI'!$B83="","",IF('Classe CI'!Q83="","",'Classe CI'!Q83)) | R243: =IF('Classe CI'!$B83="","",N('Classe CI'!N83)) | S243: =IF('Classe CI'!$B83="","",N('Classe CI'!O83)) | T243: =IF('Classe CI'!$B83="","",N('Classe CI'!P83))
A244: =IF('Classe CP'!$B4="","",IF('Classe CP'!A4="","",'Classe CP'!A4)) | B244: =IF('Classe CP'!$B4="","",IF('Classe CP'!B4="","",'Classe CP'!B4)) | C244: =IF('Classe CP'!$B4="","",IF('Classe CP'!C4="","",'Classe CP'!C4)) | D244: =IF($B244="","",C244&" "&B244&" - "&E244) | E244: =IF($B244="","",Paramètres!$A$18) | F244: =IF($B244="","",Paramètres!$B$18) | G244: =IF('Classe CP'!$B4="","",IF('Classe CP'!D4="","",'Classe CP'!D4)) | H244: =IF('Classe CP'!$B4="","",IF('Classe CP'!E4="","",'Classe CP'!E4)) | I244: =IF('Classe CP'!$B4="","",IF('Classe CP'!F4="","",'Classe CP'!F4)) | J244: =IF('Classe CP'!$B4="","",IF('Classe CP'!G4="","",'Classe CP'!G4)) | K244: =IF('Classe CP'!$B4="","",N('Classe CP'!H4)) | L244: =IF('Classe CP'!$B4="","",N('Classe CP'!I4)) | M244: =IF('Classe CP'!$B4="","",N('Classe CP'!J4)) | N244: =IF('Classe CP'!$B4="","",N('Classe CP'!K4)) | O244: =IF('Classe CP'!$B4="","",N('Classe CP'!L4)) | P244: =IF('Classe CP'!$B4="","",N('Classe CP'!M4)) | Q244: =IF('Classe CP'!$B4="","",IF('Classe CP'!Q4="","",'Classe CP'!Q4)) | R244: =IF('Classe CP'!$B4="","",N('Classe CP'!N4)) | S244: =IF('Classe CP'!$B4="","",N('Classe CP'!O4)) | T244: =IF('Classe CP'!$B4="","",N('Classe CP'!P4))
A245: =IF('Classe CP'!$B5="","",IF('Classe CP'!A5="","",'Classe CP'!A5)) | B245: =IF('Classe CP'!$B5="","",IF('Classe CP'!B5="","",'Classe CP'!B5)) | C245: =IF('Classe CP'!$B5="","",IF('Classe CP'!C5="","",'Classe CP'!C5)) | D245: =IF($B245="","",C245&" "&B245&" - "&E245) | E245: =IF($B245="","",Paramètres!$A$18) | F245: =IF($B245="","",Paramètres!$B$18) | G245: =IF('Classe CP'!$B5="","",IF('Classe CP'!D5="","",'Classe CP'!D5)) | H245: =IF('Classe CP'!$B5="","",IF('Classe CP'!E5="","",'Classe CP'!E5)) | I245: =IF('Classe CP'!$B5="","",IF('Classe CP'!F5="","",'Classe CP'!F5)) | J245: =IF('Classe CP'!$B5="","",IF('Classe CP'!G5="","",'Classe CP'!G5)) | K245: =IF('Classe CP'!$B5="","",N('Classe CP'!H5)) | L245: =IF('Classe CP'!$B5="","",N('Classe CP'!I5)) | M245: =IF('Classe CP'!$B5="","",N('Classe CP'!J5)) | N245: =IF('Classe CP'!$B5="","",N('Classe CP'!K5)) | O245: =IF('Classe CP'!$B5="","",N('Classe CP'!L5)) | P245: =IF('Classe CP'!$B5="","",N('Classe CP'!M5)) | Q245: =IF('Classe CP'!$B5="","",IF('Classe CP'!Q5="","",'Classe CP'!Q5)) | R245: =IF('Classe CP'!$B5="","",N('Classe CP'!N5)) | S245: =IF('Classe CP'!$B5="","",N('Classe CP'!O5)) | T245: =IF('Classe CP'!$B5="","",N('Classe CP'!P5))
A246: =IF('Classe CP'!$B6="","",IF('Classe CP'!A6="","",'Classe CP'!A6)) | B246: =IF('Classe CP'!$B6="","",IF('Classe CP'!B6="","",'Classe CP'!B6)) | C246: =IF('Classe CP'!$B6="","",IF('Classe CP'!C6="","",'Classe CP'!C6)) | D246: =IF($B246="","",C246&" "&B246&" - "&E246) | E246: =IF($B246="","",Paramètres!$A$18) | F246: =IF($B246="","",Paramètres!$B$18) | G246: =IF('Classe CP'!$B6="","",IF('Classe CP'!D6="","",'Classe CP'!D6)) | H246: =IF('Classe CP'!$B6="","",IF('Classe CP'!E6="","",'Classe CP'!E6)) | I246: =IF('Classe CP'!$B6="","",IF('Classe CP'!F6="","",'Classe CP'!F6)) | J246: =IF('Classe CP'!$B6="","",IF('Classe CP'!G6="","",'Classe CP'!G6)) | K246: =IF('Classe CP'!$B6="","",N('Classe CP'!H6)) | L246: =IF('Classe CP'!$B6="","",N('Classe CP'!I6)) | M246: =IF('Classe CP'!$B6="","",N('Classe CP'!J6)) | N246: =IF('Classe CP'!$B6="","",N('Classe CP'!K6)) | O246: =IF('Classe CP'!$B6="","",N('Classe CP'!L6)) | P246: =IF('Classe CP'!$B6="","",N('Classe CP'!M6)) | Q246: =IF('Classe CP'!$B6="","",IF('Classe CP'!Q6="","",'Classe CP'!Q6)) | R246: =IF('Classe CP'!$B6="","",N('Classe CP'!N6)) | S246: =IF('Classe CP'!$B6="","",N('Classe CP'!O6)) | T246: =IF('Classe CP'!$B6="","",N('Classe CP'!P6))
A247: =IF('Classe CP'!$B7="","",IF('Classe CP'!A7="","",'Classe CP'!A7)) | B247: =IF('Classe CP'!$B7="","",IF('Classe CP'!B7="","",'Classe CP'!B7)) | C247: =IF('Classe CP'!$B7="","",IF('Classe CP'!C7="","",'Classe CP'!C7)) | D247: =IF($B247="","",C247&" "&B247&" - "&E247) | E247: =IF($B247="","",Paramètres!$A$18) | F247: =IF($B247="","",Paramètres!$B$18) | G247: =IF('Classe CP'!$B7="","",IF('Classe CP'!D7="","",'Classe CP'!D7)) | H247: =IF('Classe CP'!$B7="","",IF('Classe CP'!E7="","",'Classe CP'!E7)) | I247: =IF('Classe CP'!$B7="","",IF('Classe CP'!F7="","",'Classe CP'!F7)) | J247: =IF('Classe CP'!$B7="","",IF('Classe CP'!G7="","",'Classe CP'!G7)) | K247: =IF('Classe CP'!$B7="","",N('Classe CP'!H7)) | L247: =IF('Classe CP'!$B7="","",N('Classe CP'!I7)) | M247: =IF('Classe CP'!$B7="","",N('Classe CP'!J7)) | N247: =IF('Classe CP'!$B7="","",N('Classe CP'!K7)) | O247: =IF('Classe CP'!$B7="","",N('Classe CP'!L7)) | P247: =IF('Classe CP'!$B7="","",N('Classe CP'!M7)) | Q247: =IF('Classe CP'!$B7="","",IF('Classe CP'!Q7="","",'Classe CP'!Q7)) | R247: =IF('Classe CP'!$B7="","",N('Classe CP'!N7)) | S247: =IF('Classe CP'!$B7="","",N('Classe CP'!O7)) | T247: =IF('Classe CP'!$B7="","",N('Classe CP'!P7))
A248: =IF('Classe CP'!$B8="","",IF('Classe CP'!A8="","",'Classe CP'!A8)) | B248: =IF('Classe CP'!$B8="","",IF('Classe CP'!B8="","",'Classe CP'!B8)) | C248: =IF('Classe CP'!$B8="","",IF('Classe CP'!C8="","",'Classe CP'!C8)) | D248: =IF($B248="","",C248&" "&B248&" - "&E248) | E248: =IF($B248="","",Paramètres!$A$18) | F248: =IF($B248="","",Paramètres!$B$18) | G248: =IF('Classe CP'!$B8="","",IF('Classe CP'!D8="","",'Classe CP'!D8)) | H248: =IF('Classe CP'!$B8="","",IF('Classe CP'!E8="","",'Classe CP'!E8)) | I248: =IF('Classe CP'!$B8="","",IF('Classe CP'!F8="","",'Classe CP'!F8)) | J248: =IF('Classe CP'!$B8="","",IF('Classe CP'!G8="","",'Classe CP'!G8)) | K248: =IF('Classe CP'!$B8="","",N('Classe CP'!H8)) | L248: =IF('Classe CP'!$B8="","",N('Classe CP'!I8)) | M248: =IF('Classe CP'!$B8="","",N('Classe CP'!J8)) | N248: =IF('Classe CP'!$B8="","",N('Classe CP'!K8)) | O248: =IF('Classe CP'!$B8="","",N('Classe CP'!L8)) | P248: =IF('Classe CP'!$B8="","",N('Classe CP'!M8)) | Q248: =IF('Classe CP'!$B8="","",IF('Classe CP'!Q8="","",'Classe CP'!Q8)) | R248: =IF('Classe CP'!$B8="","",N('Classe CP'!N8)) | S248: =IF('Classe CP'!$B8="","",N('Classe CP'!O8)) | T248: =IF('Classe CP'!$B8="","",N('Classe CP'!P8))
A249: =IF('Classe CP'!$B9="","",IF('Classe CP'!A9="","",'Classe CP'!A9)) | B249: =IF('Classe CP'!$B9="","",IF('Classe CP'!B9="","",'Classe CP'!B9)) | C249: =IF('Classe CP'!$B9="","",IF('Classe CP'!C9="","",'Classe CP'!C9)) | D249: =IF($B249="","",C249&" "&B249&" - "&E249) | E249: =IF($B249="","",Paramètres!$A$18) | F249: =IF($B249="","",Paramètres!$B$18) | G249: =IF('Classe CP'!$B9="","",IF('Classe CP'!D9="","",'Classe CP'!D9)) | H249: =IF('Classe CP'!$B9="","",IF('Classe CP'!E9="","",'Classe CP'!E9)) | I249: =IF('Classe CP'!$B9="","",IF('Classe CP'!F9="","",'Classe CP'!F9)) | J249: =IF('Classe CP'!$B9="","",IF('Classe CP'!G9="","",'Classe CP'!G9)) | K249: =IF('Classe CP'!$B9="","",N('Classe CP'!H9)) | L249: =IF('Classe CP'!$B9="","",N('Classe CP'!I9)) | M249: =IF('Classe CP'!$B9="","",N('Classe CP'!J9)) | N249: =IF('Classe CP'!$B9="","",N('Classe CP'!K9)) | O249: =IF('Classe CP'!$B9="","",N('Classe CP'!L9)) | P249: =IF('Classe CP'!$B9="","",N('Classe CP'!M9)) | Q249: =IF('Classe CP'!$B9="","",IF('Classe CP'!Q9="","",'Classe CP'!Q9)) | R249: =IF('Classe CP'!$B9="","",N('Classe CP'!N9)) | S249: =IF('Classe CP'!$B9="","",N('Classe CP'!O9)) | T249: =IF('Classe CP'!$B9="","",N('Classe CP'!P9))
A250: =IF('Classe CP'!$B10="","",IF('Classe CP'!A10="","",'Classe CP'!A10)) | B250: =IF('Classe CP'!$B10="","",IF('Classe CP'!B10="","",'Classe CP'!B10)) | C250: =IF('Classe CP'!$B10="","",IF('Classe CP'!C10="","",'Classe CP'!C10)) | D250: =IF($B250="","",C250&" "&B250&" - "&E250) | E250: =IF($B250="","",Paramètres!$A$18) | F250: =IF($B250="","",Paramètres!$B$18) | G250: =IF('Classe CP'!$B10="","",IF('Classe CP'!D10="","",'Classe CP'!D10)) | H250: =IF('Classe CP'!$B10="","",IF('Classe CP'!E10="","",'Classe CP'!E10)) | I250: =IF('Classe CP'!$B10="","",IF('Classe CP'!F10="","",'Classe CP'!F10)) | J250: =IF('Classe CP'!$B10="","",IF('Classe CP'!G10="","",'Classe CP'!G10)) | K250: =IF('Classe CP'!$B10="","",N('Classe CP'!H10)) | L250: =IF('Classe CP'!$B10="","",N('Classe CP'!I10)) | M250: =IF('Classe CP'!$B10="","",N('Classe CP'!J10)) | N250: =IF('Classe CP'!$B10="","",N('Classe CP'!K10)) | O250: =IF('Classe CP'!$B10="","",N('Classe CP'!L10)) | P250: =IF('Classe CP'!$B10="","",N('Classe CP'!M10)) | Q250: =IF('Classe CP'!$B10="","",IF('Classe CP'!Q10="","",'Classe CP'!Q10)) | R250: =IF('Classe CP'!$B10="","",N('Classe CP'!N10)) | S250: =IF('Classe CP'!$B10="","",N('Classe CP'!O10)) | T250: =IF('Classe CP'!$B10="","",N('Classe CP'!P10))
A251: =IF('Classe CP'!$B11="","",IF('Classe CP'!A11="","",'Classe CP'!A11)) | B251: =IF('Classe CP'!$B11="","",IF('Classe CP'!B11="","",'Classe CP'!B11)) | C251: =IF('Classe CP'!$B11="","",IF('Classe CP'!C11="","",'Classe CP'!C11)) | D251: =IF($B251="","",C251&" "&B251&" - "&E251) | E251: =IF($B251="","",Paramètres!$A$18) | F251: =IF($B251="","",Paramètres!$B$18) | G251: =IF('Classe CP'!$B11="","",IF('Classe CP'!D11="","",'Classe CP'!D11)) | H251: =IF('Classe CP'!$B11="","",IF('Classe CP'!E11="","",'Classe CP'!E11)) | I251: =IF('Classe CP'!$B11="","",IF('Classe CP'!F11="","",'Classe CP'!F11)) | J251: =IF('Classe CP'!$B11="","",IF('Classe CP'!G11="","",'Classe CP'!G11)) | K251: =IF('Classe CP'!$B11="","",N('Classe CP'!H11)) | L251: =IF('Classe CP'!$B11="","",N('Classe CP'!I11)) | M251: =IF('Classe CP'!$B11="","",N('Classe CP'!J11)) | N251: =IF('Classe CP'!$B11="","",N('Classe CP'!K11)) | O251: =IF('Classe CP'!$B11="","",N('Classe CP'!L11)) | P251: =IF('Classe CP'!$B11="","",N('Classe CP'!M11)) | Q251: =IF('Classe CP'!$B11="","",IF('Classe CP'!Q11="","",'Classe CP'!Q11)) | R251: =IF('Classe CP'!$B11="","",N('Classe CP'!N11)) | S251: =IF('Classe CP'!$B11="","",N('Classe CP'!O11)) | T251: =IF('Classe CP'!$B11="","",N('Classe CP'!P11))
A252: =IF('Classe CP'!$B12="","",IF('Classe CP'!A12="","",'Classe CP'!A12)) | B252: =IF('Classe CP'!$B12="","",IF('Classe CP'!B12="","",'Classe CP'!B12)) | C252: =IF('Classe CP'!$B12="","",IF('Classe CP'!C12="","",'Classe CP'!C12)) | D252: =IF($B252="","",C252&" "&B252&" - "&E252) | E252: =IF($B252="","",Paramètres!$A$18) | F252: =IF($B252="","",Paramètres!$B$18) | G252: =IF('Classe CP'!$B12="","",IF('Classe CP'!D12="","",'Classe CP'!D12)) | H252: =IF('Classe CP'!$B12="","",IF('Classe CP'!E12="","",'Classe CP'!E12)) | I252: =IF('Classe CP'!$B12="","",IF('Classe CP'!F12="","",'Classe CP'!F12)) | J252: =IF('Classe CP'!$B12="","",IF('Classe CP'!G12="","",'Classe CP'!G12)) | K252: =IF('Classe CP'!$B12="","",N('Classe CP'!H12)) | L252: =IF('Classe CP'!$B12="","",N('Classe CP'!I12)) | M252: =IF('Classe CP'!$B12="","",N('Classe CP'!J12)) | N252: =IF('Classe CP'!$B12="","",N('Classe CP'!K12)) | O252: =IF('Classe CP'!$B12="","",N('Classe CP'!L12)) | P252: =IF('Classe CP'!$B12="","",N('Classe CP'!M12)) | Q252: =IF('Classe CP'!$B12="","",IF('Classe CP'!Q12="","",'Classe CP'!Q12)) | R252: =IF('Classe CP'!$B12="","",N('Classe CP'!N12)) | S252: =IF('Classe CP'!$B12="","",N('Classe CP'!O12)) | T252: =IF('Classe CP'!$B12="","",N('Classe CP'!P12))
A253: =IF('Classe CP'!$B13="","",IF('Classe CP'!A13="","",'Classe CP'!A13)) | B253: =IF('Classe CP'!$B13="","",IF('Classe CP'!B13="","",'Classe CP'!B13)) | C253: =IF('Classe CP'!$B13="","",IF('Classe CP'!C13="","",'Classe CP'!C13)) | D253: =IF($B253="","",C253&" "&B253&" - "&E253) | E253: =IF($B253="","",Paramètres!$A$18) | F253: =IF($B253="","",Paramètres!$B$18) | G253: =IF('Classe CP'!$B13="","",IF('Classe CP'!D13="","",'Classe CP'!D13)) | H253: =IF('Classe CP'!$B13="","",IF('Classe CP'!E13="","",'Classe CP'!E13)) | I253: =IF('Classe CP'!$B13="","",IF('Classe CP'!F13="","",'Classe CP'!F13)) | J253: =IF('Classe CP'!$B13="","",IF('Classe CP'!G13="","",'Classe CP'!G13)) | K253: =IF('Classe CP'!$B13="","",N('Classe CP'!H13)) | L253: =IF('Classe CP'!$B13="","",N('Classe CP'!I13)) | M253: =IF('Classe CP'!$B13="","",N('Classe CP'!J13)) | N253: =IF('Classe CP'!$B13="","",N('Classe CP'!K13)) | O253: =IF('Classe CP'!$B13="","",N('Classe CP'!L13)) | P253: =IF('Classe CP'!$B13="","",N('Classe CP'!M13)) | Q253: =IF('Classe CP'!$B13="","",IF('Classe CP'!Q13="","",'Classe CP'!Q13)) | R253: =IF('Classe CP'!$B13="","",N('Classe CP'!N13)) | S253: =IF('Classe CP'!$B13="","",N('Classe CP'!O13)) | T253: =IF('Classe CP'!$B13="","",N('Classe CP'!P13))
A254: =IF('Classe CP'!$B14="","",IF('Classe CP'!A14="","",'Classe CP'!A14)) | B254: =IF('Classe CP'!$B14="","",IF('Classe CP'!B14="","",'Classe CP'!B14)) | C254: =IF('Classe CP'!$B14="","",IF('Classe CP'!C14="","",'Classe CP'!C14)) | D254: =IF($B254="","",C254&" "&B254&" - "&E254) | E254: =IF($B254="","",Paramètres!$A$18) | F254: =IF($B254="","",Paramètres!$B$18) | G254: =IF('Classe CP'!$B14="","",IF('Classe CP'!D14="","",'Classe CP'!D14)) | H254: =IF('Classe CP'!$B14="","",IF('Classe CP'!E14="","",'Classe CP'!E14)) | I254: =IF('Classe CP'!$B14="","",IF('Classe CP'!F14="","",'Classe CP'!F14)) | J254: =IF('Classe CP'!$B14="","",IF('Classe CP'!G14="","",'Classe CP'!G14)) | K254: =IF('Classe CP'!$B14="","",N('Classe CP'!H14)) | L254: =IF('Classe CP'!$B14="","",N('Classe CP'!I14)) | M254: =IF('Classe CP'!$B14="","",N('Classe CP'!J14)) | N254: =IF('Classe CP'!$B14="","",N('Classe CP'!K14)) | O254: =IF('Classe CP'!$B14="","",N('Classe CP'!L14)) | P254: =IF('Classe CP'!$B14="","",N('Classe CP'!M14)) | Q254: =IF('Classe CP'!$B14="","",IF('Classe CP'!Q14="","",'Classe CP'!Q14)) | R254: =IF('Classe CP'!$B14="","",N('Classe CP'!N14)) | S254: =IF('Classe CP'!$B14="","",N('Classe CP'!O14)) | T254: =IF('Classe CP'!$B14="","",N('Classe CP'!P14))
A255: =IF('Classe CP'!$B15="","",IF('Classe CP'!A15="","",'Classe CP'!A15)) | B255: =IF('Classe CP'!$B15="","",IF('Classe CP'!B15="","",'Classe CP'!B15)) | C255: =IF('Classe CP'!$B15="","",IF('Classe CP'!C15="","",'Classe CP'!C15)) | D255: =IF($B255="","",C255&" "&B255&" - "&E255) | E255: =IF($B255="","",Paramètres!$A$18) | F255: =IF($B255="","",Paramètres!$B$18) | G255: =IF('Classe CP'!$B15="","",IF('Classe CP'!D15="","",'Classe CP'!D15)) | H255: =IF('Classe CP'!$B15="","",IF('Classe CP'!E15="","",'Classe CP'!E15)) | I255: =IF('Classe CP'!$B15="","",IF('Classe CP'!F15="","",'Classe CP'!F15)) | J255: =IF('Classe CP'!$B15="","",IF('Classe CP'!G15="","",'Classe CP'!G15)) | K255: =IF('Classe CP'!$B15="","",N('Classe CP'!H15)) | L255: =IF('Classe CP'!$B15="","",N('Classe CP'!I15)) | M255: =IF('Classe CP'!$B15="","",N('Classe CP'!J15)) | N255: =IF('Classe CP'!$B15="","",N('Classe CP'!K15)) | O255: =IF('Classe CP'!$B15="","",N('Classe CP'!L15)) | P255: =IF('Classe CP'!$B15="","",N('Classe CP'!M15)) | Q255: =IF('Classe CP'!$B15="","",IF('Classe CP'!Q15="","",'Classe CP'!Q15)) | R255: =IF('Classe CP'!$B15="","",N('Classe CP'!N15)) | S255: =IF('Classe CP'!$B15="","",N('Classe CP'!O15)) | T255: =IF('Classe CP'!$B15="","",N('Classe CP'!P15))
... A323: =IF('Classe CP'!$B83="","",IF('Classe CP'!A83="","",'Classe CP'!A83)) | B323: =IF('Classe CP'!$B83="","",IF('Classe CP'!B83="","",'Classe CP'!B83)) | C323: =IF('Classe CP'!$B83="","",IF('Classe CP'!C83="","",'Classe CP'!C83)) | D323: =IF($B323="","",C323&" "&B323&" - "&E323) | E323: =IF($B323="","",Paramètres!$A$18) | F323: =IF($B323="","",Paramètres!$B$18) | G323: =IF('Classe CP'!$B83="","",IF('Classe CP'!D83="","",'Classe CP'!D83)) | H323: =IF('Classe CP'!$B83="","",IF('Classe CP'!E83="","",'Classe CP'!E83)) | I323: =IF('Classe CP'!$B83="","",IF('Classe CP'!F83="","",'Classe CP'!F83)) | J323: =IF('Classe CP'!$B83="","",IF('Classe CP'!G83="","",'Classe CP'!G83)) | K323: =IF('Classe CP'!$B83="","",N('Classe CP'!H83)) | L323: =IF('Classe CP'!$B83="","",N('Classe CP'!I83)) | M323: =IF('Classe CP'!$B83="","",N('Classe CP'!J83)) | N323: =IF('Classe CP'!$B83="","",N('Classe CP'!K83)) | O323: =IF('Classe CP'!$B83="","",N('Classe CP'!L83)) | P323: =IF('Classe CP'!$B83="","",N('Classe CP'!M83)) | Q323: =IF('Classe CP'!$B83="","",IF('Classe CP'!Q83="","",'Classe CP'!Q83)) | R323: =IF('Classe CP'!$B83="","",N('Classe CP'!N83)) | S323: =IF('Classe CP'!$B83="","",N('Classe CP'!O83)) | T323: =IF('Classe CP'!$B83="","",N('Classe CP'!P83))
A324: =IF('Classe CE1'!$B4="","",IF('Classe CE1'!A4="","",'Classe CE1'!A4)) | B324: =IF('Classe CE1'!$B4="","",IF('Classe CE1'!B4="","",'Classe CE1'!B4)) | C324: =IF('Classe CE1'!$B4="","",IF('Classe CE1'!C4="","",'Classe CE1'!C4)) | D324: =IF($B324="","",C324&" "&B324&" - "&E324) | E324: =IF($B324="","",Paramètres!$A$19) | F324: =IF($B324="","",Paramètres!$B$19) | G324: =IF('Classe CE1'!$B4="","",IF('Classe CE1'!D4="","",'Classe CE1'!D4)) | H324: =IF('Classe CE1'!$B4="","",IF('Classe CE1'!E4="","",'Classe CE1'!E4)) | I324: =IF('Classe CE1'!$B4="","",IF('Classe CE1'!F4="","",'Classe CE1'!F4)) | J324: =IF('Classe CE1'!$B4="","",IF('Classe CE1'!G4="","",'Classe CE1'!G4)) | K324: =IF('Classe CE1'!$B4="","",N('Classe CE1'!H4)) | L324: =IF('Classe CE1'!$B4="","",N('Classe CE1'!I4)) | M324: =IF('Classe CE1'!$B4="","",N('Classe CE1'!J4)) | N324: =IF('Classe CE1'!$B4="","",N('Classe CE1'!K4)) | O324: =IF('Classe CE1'!$B4="","",N('Classe CE1'!L4)) | P324: =IF('Classe CE1'!$B4="","",N('Classe CE1'!M4)) | Q324: =IF('Classe CE1'!$B4="","",IF('Classe CE1'!Q4="","",'Classe CE1'!Q4)) | R324: =IF('Classe CE1'!$B4="","",N('Classe CE1'!N4)) | S324: =IF('Classe CE1'!$B4="","",N('Classe CE1'!O4)) | T324: =IF('Classe CE1'!$B4="","",N('Classe CE1'!P4))
A325: =IF('Classe CE1'!$B5="","",IF('Classe CE1'!A5="","",'Classe CE1'!A5)) | B325: =IF('Classe CE1'!$B5="","",IF('Classe CE1'!B5="","",'Classe CE1'!B5)) | C325: =IF('Classe CE1'!$B5="","",IF('Classe CE1'!C5="","",'Classe CE1'!C5)) | D325: =IF($B325="","",C325&" "&B325&" - "&E325) | E325: =IF($B325="","",Paramètres!$A$19) | F325: =IF($B325="","",Paramètres!$B$19) | G325: =IF('Classe CE1'!$B5="","",IF('Classe CE1'!D5="","",'Classe CE1'!D5)) | H325: =IF('Classe CE1'!$B5="","",IF('Classe CE1'!E5="","",'Classe CE1'!E5)) | I325: =IF('Classe CE1'!$B5="","",IF('Classe CE1'!F5="","",'Classe CE1'!F5)) | J325: =IF('Classe CE1'!$B5="","",IF('Classe CE1'!G5="","",'Classe CE1'!G5)) | K325: =IF('Classe CE1'!$B5="","",N('Classe CE1'!H5)) | L325: =IF('Classe CE1'!$B5="","",N('Classe CE1'!I5)) | M325: =IF('Classe CE1'!$B5="","",N('Classe CE1'!J5)) | N325: =IF('Classe CE1'!$B5="","",N('Classe CE1'!K5)) | O325: =IF('Classe CE1'!$B5="","",N('Classe CE1'!L5)) | P325: =IF('Classe CE1'!$B5="","",N('Classe CE1'!M5)) | Q325: =IF('Classe CE1'!$B5="","",IF('Classe CE1'!Q5="","",'Classe CE1'!Q5)) | R325: =IF('Classe CE1'!$B5="","",N('Classe CE1'!N5)) | S325: =IF('Classe CE1'!$B5="","",N('Classe CE1'!O5)) | T325: =IF('Classe CE1'!$B5="","",N('Classe CE1'!P5))
A326: =IF('Classe CE1'!$B6="","",IF('Classe CE1'!A6="","",'Classe CE1'!A6)) | B326: =IF('Classe CE1'!$B6="","",IF('Classe CE1'!B6="","",'Classe CE1'!B6)) | C326: =IF('Classe CE1'!$B6="","",IF('Classe CE1'!C6="","",'Classe CE1'!C6)) | D326: =IF($B326="","",C326&" "&B326&" - "&E326) | E326: =IF($B326="","",Paramètres!$A$19) | F326: =IF($B326="","",Paramètres!$B$19) | G326: =IF('Classe CE1'!$B6="","",IF('Classe CE1'!D6="","",'Classe CE1'!D6)) | H326: =IF('Classe CE1'!$B6="","",IF('Classe CE1'!E6="","",'Classe CE1'!E6)) | I326: =IF('Classe CE1'!$B6="","",IF('Classe CE1'!F6="","",'Classe CE1'!F6)) | J326: =IF('Classe CE1'!$B6="","",IF('Classe CE1'!G6="","",'Classe CE1'!G6)) | K326: =IF('Classe CE1'!$B6="","",N('Classe CE1'!H6)) | L326: =IF('Classe CE1'!$B6="","",N('Classe CE1'!I6)) | M326: =IF('Classe CE1'!$B6="","",N('Classe CE1'!J6)) | N326: =IF('Classe CE1'!$B6="","",N('Classe CE1'!K6)) | O326: =IF('Classe CE1'!$B6="","",N('Classe CE1'!L6)) | P326: =IF('Classe CE1'!$B6="","",N('Classe CE1'!M6)) | Q326: =IF('Classe CE1'!$B6="","",IF('Classe CE1'!Q6="","",'Classe CE1'!Q6)) | R326: =IF('Classe CE1'!$B6="","",N('Classe CE1'!N6)) | S326: =IF('Classe CE1'!$B6="","",N('Classe CE1'!O6)) | T326: =IF('Classe CE1'!$B6="","",N('Classe CE1'!P6))
A327: =IF('Classe CE1'!$B7="","",IF('Classe CE1'!A7="","",'Classe CE1'!A7)) | B327: =IF('Classe CE1'!$B7="","",IF('Classe CE1'!B7="","",'Classe CE1'!B7)) | C327: =IF('Classe CE1'!$B7="","",IF('Classe CE1'!C7="","",'Classe CE1'!C7)) | D327: =IF($B327="","",C327&" "&B327&" - "&E327) | E327: =IF($B327="","",Paramètres!$A$19) | F327: =IF($B327="","",Paramètres!$B$19) | G327: =IF('Classe CE1'!$B7="","",IF('Classe CE1'!D7="","",'Classe CE1'!D7)) | H327: =IF('Classe CE1'!$B7="","",IF('Classe CE1'!E7="","",'Classe CE1'!E7)) | I327: =IF('Classe CE1'!$B7="","",IF('Classe CE1'!F7="","",'Classe CE1'!F7)) | J327: =IF('Classe CE1'!$B7="","",IF('Classe CE1'!G7="","",'Classe CE1'!G7)) | K327: =IF('Classe CE1'!$B7="","",N('Classe CE1'!H7)) | L327: =IF('Classe CE1'!$B7="","",N('Classe CE1'!I7)) | M327: =IF('Classe CE1'!$B7="","",N('Classe CE1'!J7)) | N327: =IF('Classe CE1'!$B7="","",N('Classe CE1'!K7)) | O327: =IF('Classe CE1'!$B7="","",N('Classe CE1'!L7)) | P327: =IF('Classe CE1'!$B7="","",N('Classe CE1'!M7)) | Q327: =IF('Classe CE1'!$B7="","",IF('Classe CE1'!Q7="","",'Classe CE1'!Q7)) | R327: =IF('Classe CE1'!$B7="","",N('Classe CE1'!N7)) | S327: =IF('Classe CE1'!$B7="","",N('Classe CE1'!O7)) | T327: =IF('Classe CE1'!$B7="","",N('Classe CE1'!P7))
A328: =IF('Classe CE1'!$B8="","",IF('Classe CE1'!A8="","",'Classe CE1'!A8)) | B328: =IF('Classe CE1'!$B8="","",IF('Classe CE1'!B8="","",'Classe CE1'!B8)) | C328: =IF('Classe CE1'!$B8="","",IF('Classe CE1'!C8="","",'Classe CE1'!C8)) | D328: =IF($B328="","",C328&" "&B328&" - "&E328) | E328: =IF($B328="","",Paramètres!$A$19) | F328: =IF($B328="","",Paramètres!$B$19) | G328: =IF('Classe CE1'!$B8="","",IF('Classe CE1'!D8="","",'Classe CE1'!D8)) | H328: =IF('Classe CE1'!$B8="","",IF('Classe CE1'!E8="","",'Classe CE1'!E8)) | I328: =IF('Classe CE1'!$B8="","",IF('Classe CE1'!F8="","",'Classe CE1'!F8)) | J328: =IF('Classe CE1'!$B8="","",IF('Classe CE1'!G8="","",'Classe CE1'!G8)) | K328: =IF('Classe CE1'!$B8="","",N('Classe CE1'!H8)) | L328: =IF('Classe CE1'!$B8="","",N('Classe CE1'!I8)) | M328: =IF('Classe CE1'!$B8="","",N('Classe CE1'!J8)) | N328: =IF('Classe CE1'!$B8="","",N('Classe CE1'!K8)) | O328: =IF('Classe CE1'!$B8="","",N('Classe CE1'!L8)) | P328: =IF('Classe CE1'!$B8="","",N('Classe CE1'!M8)) | Q328: =IF('Classe CE1'!$B8="","",IF('Classe CE1'!Q8="","",'Classe CE1'!Q8)) | R328: =IF('Classe CE1'!$B8="","",N('Classe CE1'!N8)) | S328: =IF('Classe CE1'!$B8="","",N('Classe CE1'!O8)) | T328: =IF('Classe CE1'!$B8="","",N('Classe CE1'!P8))
A329: =IF('Classe CE1'!$B9="","",IF('Classe CE1'!A9="","",'Classe CE1'!A9)) | B329: =IF('Classe CE1'!$B9="","",IF('Classe CE1'!B9="","",'Classe CE1'!B9)) | C329: =IF('Classe CE1'!$B9="","",IF('Classe CE1'!C9="","",'Classe CE1'!C9)) | D329: =IF($B329="","",C329&" "&B329&" - "&E329) | E329: =IF($B329="","",Paramètres!$A$19) | F329: =IF($B329="","",Paramètres!$B$19) | G329: =IF('Classe CE1'!$B9="","",IF('Classe CE1'!D9="","",'Classe CE1'!D9)) | H329: =IF('Classe CE1'!$B9="","",IF('Classe CE1'!E9="","",'Classe CE1'!E9)) | I329: =IF('Classe CE1'!$B9="","",IF('Classe CE1'!F9="","",'Classe CE1'!F9)) | J329: =IF('Classe CE1'!$B9="","",IF('Classe CE1'!G9="","",'Classe CE1'!G9)) | K329: =IF('Classe CE1'!$B9="","",N('Classe CE1'!H9)) | L329: =IF('Classe CE1'!$B9="","",N('Classe CE1'!I9)) | M329: =IF('Classe CE1'!$B9="","",N('Classe CE1'!J9)) | N329: =IF('Classe CE1'!$B9="","",N('Classe CE1'!K9)) | O329: =IF('Classe CE1'!$B9="","",N('Classe CE1'!L9)) | P329: =IF('Classe CE1'!$B9="","",N('Classe CE1'!M9)) | Q329: =IF('Classe CE1'!$B9="","",IF('Classe CE1'!Q9="","",'Classe CE1'!Q9)) | R329: =IF('Classe CE1'!$B9="","",N('Classe CE1'!N9)) | S329: =IF('Classe CE1'!$B9="","",N('Classe CE1'!O9)) | T329: =IF('Classe CE1'!$B9="","",N('Classe CE1'!P9))
A330: =IF('Classe CE1'!$B10="","",IF('Classe CE1'!A10="","",'Classe CE1'!A10)) | B330: =IF('Classe CE1'!$B10="","",IF('Classe CE1'!B10="","",'Classe CE1'!B10)) | C330: =IF('Classe CE1'!$B10="","",IF('Classe CE1'!C10="","",'Classe CE1'!C10)) | D330: =IF($B330="","",C330&" "&B330&" - "&E330) | E330: =IF($B330="","",Paramètres!$A$19) | F330: =IF($B330="","",Paramètres!$B$19) | G330: =IF('Classe CE1'!$B10="","",IF('Classe CE1'!D10="","",'Classe CE1'!D10)) | H330: =IF('Classe CE1'!$B10="","",IF('Classe CE1'!E10="","",'Classe CE1'!E10)) | I330: =IF('Classe CE1'!$B10="","",IF('Classe CE1'!F10="","",'Classe CE1'!F10)) | J330: =IF('Classe CE1'!$B10="","",IF('Classe CE1'!G10="","",'Classe CE1'!G10)) | K330: =IF('Classe CE1'!$B10="","",N('Classe CE1'!H10)) | L330: =IF('Classe CE1'!$B10="","",N('Classe CE1'!I10)) | M330: =IF('Classe CE1'!$B10="","",N('Classe CE1'!J10)) | N330: =IF('Classe CE1'!$B10="","",N('Classe CE1'!K10)) | O330: =IF('Classe CE1'!$B10="","",N('Classe CE1'!L10)) | P330: =IF('Classe CE1'!$B10="","",N('Classe CE1'!M10)) | Q330: =IF('Classe CE1'!$B10="","",IF('Classe CE1'!Q10="","",'Classe CE1'!Q10)) | R330: =IF('Classe CE1'!$B10="","",N('Classe CE1'!N10)) | S330: =IF('Classe CE1'!$B10="","",N('Classe CE1'!O10)) | T330: =IF('Classe CE1'!$B10="","",N('Classe CE1'!P10))
A331: =IF('Classe CE1'!$B11="","",IF('Classe CE1'!A11="","",'Classe CE1'!A11)) | B331: =IF('Classe CE1'!$B11="","",IF('Classe CE1'!B11="","",'Classe CE1'!B11)) | C331: =IF('Classe CE1'!$B11="","",IF('Classe CE1'!C11="","",'Classe CE1'!C11)) | D331: =IF($B331="","",C331&" "&B331&" - "&E331) | E331: =IF($B331="","",Paramètres!$A$19) | F331: =IF($B331="","",Paramètres!$B$19) | G331: =IF('Classe CE1'!$B11="","",IF('Classe CE1'!D11="","",'Classe CE1'!D11)) | H331: =IF('Classe CE1'!$B11="","",IF('Classe CE1'!E11="","",'Classe CE1'!E11)) | I331: =IF('Classe CE1'!$B11="","",IF('Classe CE1'!F11="","",'Classe CE1'!F11)) | J331: =IF('Classe CE1'!$B11="","",IF('Classe CE1'!G11="","",'Classe CE1'!G11)) | K331: =IF('Classe CE1'!$B11="","",N('Classe CE1'!H11)) | L331: =IF('Classe CE1'!$B11="","",N('Classe CE1'!I11)) | M331: =IF('Classe CE1'!$B11="","",N('Classe CE1'!J11)) | N331: =IF('Classe CE1'!$B11="","",N('Classe CE1'!K11)) | O331: =IF('Classe CE1'!$B11="","",N('Classe CE1'!L11)) | P331: =IF('Classe CE1'!$B11="","",N('Classe CE1'!M11)) | Q331: =IF('Classe CE1'!$B11="","",IF('Classe CE1'!Q11="","",'Classe CE1'!Q11)) | R331: =IF('Classe CE1'!$B11="","",N('Classe CE1'!N11)) | S331: =IF('Classe CE1'!$B11="","",N('Classe CE1'!O11)) | T331: =IF('Classe CE1'!$B11="","",N('Classe CE1'!P11))
A332: =IF('Classe CE1'!$B12="","",IF('Classe CE1'!A12="","",'Classe CE1'!A12)) | B332: =IF('Classe CE1'!$B12="","",IF('Classe CE1'!B12="","",'Classe CE1'!B12)) | C332: =IF('Classe CE1'!$B12="","",IF('Classe CE1'!C12="","",'Classe CE1'!C12)) | D332: =IF($B332="","",C332&" "&B332&" - "&E332) | E332: =IF($B332="","",Paramètres!$A$19) | F332: =IF($B332="","",Paramètres!$B$19) | G332: =IF('Classe CE1'!$B12="","",IF('Classe CE1'!D12="","",'Classe CE1'!D12)) | H332: =IF('Classe CE1'!$B12="","",IF('Classe CE1'!E12="","",'Classe CE1'!E12)) | I332: =IF('Classe CE1'!$B12="","",IF('Classe CE1'!F12="","",'Classe CE1'!F12)) | J332: =IF('Classe CE1'!$B12="","",IF('Classe CE1'!G12="","",'Classe CE1'!G12)) | K332: =IF('Classe CE1'!$B12="","",N('Classe CE1'!H12)) | L332: =IF('Classe CE1'!$B12="","",N('Classe CE1'!I12)) | M332: =IF('Classe CE1'!$B12="","",N('Classe CE1'!J12)) | N332: =IF('Classe CE1'!$B12="","",N('Classe CE1'!K12)) | O332: =IF('Classe CE1'!$B12="","",N('Classe CE1'!L12)) | P332: =IF('Classe CE1'!$B12="","",N('Classe CE1'!M12)) | Q332: =IF('Classe CE1'!$B12="","",IF('Classe CE1'!Q12="","",'Classe CE1'!Q12)) | R332: =IF('Classe CE1'!$B12="","",N('Classe CE1'!N12)) | S332: =IF('Classe CE1'!$B12="","",N('Classe CE1'!O12)) | T332: =IF('Classe CE1'!$B12="","",N('Classe CE1'!P12))
A333: =IF('Classe CE1'!$B13="","",IF('Classe CE1'!A13="","",'Classe CE1'!A13)) | B333: =IF('Classe CE1'!$B13="","",IF('Classe CE1'!B13="","",'Classe CE1'!B13)) | C333: =IF('Classe CE1'!$B13="","",IF('Classe CE1'!C13="","",'Classe CE1'!C13)) | D333: =IF($B333="","",C333&" "&B333&" - "&E333) | E333: =IF($B333="","",Paramètres!$A$19) | F333: =IF($B333="","",Paramètres!$B$19) | G333: =IF('Classe CE1'!$B13="","",IF('Classe CE1'!D13="","",'Classe CE1'!D13)) | H333: =IF('Classe CE1'!$B13="","",IF('Classe CE1'!E13="","",'Classe CE1'!E13)) | I333: =IF('Classe CE1'!$B13="","",IF('Classe CE1'!F13="","",'Classe CE1'!F13)) | J333: =IF('Classe CE1'!$B13="","",IF('Classe CE1'!G13="","",'Classe CE1'!G13)) | K333: =IF('Classe CE1'!$B13="","",N('Classe CE1'!H13)) | L333: =IF('Classe CE1'!$B13="","",N('Classe CE1'!I13)) | M333: =IF('Classe CE1'!$B13="","",N('Classe CE1'!J13)) | N333: =IF('Classe CE1'!$B13="","",N('Classe CE1'!K13)) | O333: =IF('Classe CE1'!$B13="","",N('Classe CE1'!L13)) | P333: =IF('Classe CE1'!$B13="","",N('Classe CE1'!M13)) | Q333: =IF('Classe CE1'!$B13="","",IF('Classe CE1'!Q13="","",'Classe CE1'!Q13)) | R333: =IF('Classe CE1'!$B13="","",N('Classe CE1'!N13)) | S333: =IF('Classe CE1'!$B13="","",N('Classe CE1'!O13)) | T333: =IF('Classe CE1'!$B13="","",N('Classe CE1'!P13))
A334: =IF('Classe CE1'!$B14="","",IF('Classe CE1'!A14="","",'Classe CE1'!A14)) | B334: =IF('Classe CE1'!$B14="","",IF('Classe CE1'!B14="","",'Classe CE1'!B14)) | C334: =IF('Classe CE1'!$B14="","",IF('Classe CE1'!C14="","",'Classe CE1'!C14)) | D334: =IF($B334="","",C334&" "&B334&" - "&E334) | E334: =IF($B334="","",Paramètres!$A$19) | F334: =IF($B334="","",Paramètres!$B$19) | G334: =IF('Classe CE1'!$B14="","",IF('Classe CE1'!D14="","",'Classe CE1'!D14)) | H334: =IF('Classe CE1'!$B14="","",IF('Classe CE1'!E14="","",'Classe CE1'!E14)) | I334: =IF('Classe CE1'!$B14="","",IF('Classe CE1'!F14="","",'Classe CE1'!F14)) | J334: =IF('Classe CE1'!$B14="","",IF('Classe CE1'!G14="","",'Classe CE1'!G14)) | K334: =IF('Classe CE1'!$B14="","",N('Classe CE1'!H14)) | L334: =IF('Classe CE1'!$B14="","",N('Classe CE1'!I14)) | M334: =IF('Classe CE1'!$B14="","",N('Classe CE1'!J14)) | N334: =IF('Classe CE1'!$B14="","",N('Classe CE1'!K14)) | O334: =IF('Classe CE1'!$B14="","",N('Classe CE1'!L14)) | P334: =IF('Classe CE1'!$B14="","",N('Classe CE1'!M14)) | Q334: =IF('Classe CE1'!$B14="","",IF('Classe CE1'!Q14="","",'Classe CE1'!Q14)) | R334: =IF('Classe CE1'!$B14="","",N('Classe CE1'!N14)) | S334: =IF('Classe CE1'!$B14="","",N('Classe CE1'!O14)) | T334: =IF('Classe CE1'!$B14="","",N('Classe CE1'!P14))
A335: =IF('Classe CE1'!$B15="","",IF('Classe CE1'!A15="","",'Classe CE1'!A15)) | B335: =IF('Classe CE1'!$B15="","",IF('Classe CE1'!B15="","",'Classe CE1'!B15)) | C335: =IF('Classe CE1'!$B15="","",IF('Classe CE1'!C15="","",'Classe CE1'!C15)) | D335: =IF($B335="","",C335&" "&B335&" - "&E335) | E335: =IF($B335="","",Paramètres!$A$19) | F335: =IF($B335="","",Paramètres!$B$19) | G335: =IF('Classe CE1'!$B15="","",IF('Classe CE1'!D15="","",'Classe CE1'!D15)) | H335: =IF('Classe CE1'!$B15="","",IF('Classe CE1'!E15="","",'Classe CE1'!E15)) | I335: =IF('Classe CE1'!$B15="","",IF('Classe CE1'!F15="","",'Classe CE1'!F15)) | J335: =IF('Classe CE1'!$B15="","",IF('Classe CE1'!G15="","",'Classe CE1'!G15)) | K335: =IF('Classe CE1'!$B15="","",N('Classe CE1'!H15)) | L335: =IF('Classe CE1'!$B15="","",N('Classe CE1'!I15)) | M335: =IF('Classe CE1'!$B15="","",N('Classe CE1'!J15)) | N335: =IF('Classe CE1'!$B15="","",N('Classe CE1'!K15)) | O335: =IF('Classe CE1'!$B15="","",N('Classe CE1'!L15)) | P335: =IF('Classe CE1'!$B15="","",N('Classe CE1'!M15)) | Q335: =IF('Classe CE1'!$B15="","",IF('Classe CE1'!Q15="","",'Classe CE1'!Q15)) | R335: =IF('Classe CE1'!$B15="","",N('Classe CE1'!N15)) | S335: =IF('Classe CE1'!$B15="","",N('Classe CE1'!O15)) | T335: =IF('Classe CE1'!$B15="","",N('Classe CE1'!P15))
... A403: =IF('Classe CE1'!$B83="","",IF('Classe CE1'!A83="","",'Classe CE1'!A83)) | B403: =IF('Classe CE1'!$B83="","",IF('Classe CE1'!B83="","",'Classe CE1'!B83)) | C403: =IF('Classe CE1'!$B83="","",IF('Classe CE1'!C83="","",'Classe CE1'!C83)) | D403: =IF($B403="","",C403&" "&B403&" - "&E403) | E403: =IF($B403="","",Paramètres!$A$19) | F403: =IF($B403="","",Paramètres!$B$19) | G403: =IF('Classe CE1'!$B83="","",IF('Classe CE1'!D83="","",'Classe CE1'!D83)) | H403: =IF('Classe CE1'!$B83="","",IF('Classe CE1'!E83="","",'Classe CE1'!E83)) | I403: =IF('Classe CE1'!$B83="","",IF('Classe CE1'!F83="","",'Classe CE1'!F83)) | J403: =IF('Classe CE1'!$B83="","",IF('Classe CE1'!G83="","",'Classe CE1'!G83)) | K403: =IF('Classe CE1'!$B83="","",N('Classe CE1'!H83)) | L403: =IF('Classe CE1'!$B83="","",N('Classe CE1'!I83)) | M403: =IF('Classe CE1'!$B83="","",N('Classe CE1'!J83)) | N403: =IF('Classe CE1'!$B83="","",N('Classe CE1'!K83)) | O403: =IF('Classe CE1'!$B83="","",N('Classe CE1'!L83)) | P403: =IF('Classe CE1'!$B83="","",N('Classe CE1'!M83)) | Q403: =IF('Classe CE1'!$B83="","",IF('Classe CE1'!Q83="","",'Classe CE1'!Q83)) | R403: =IF('Classe CE1'!$B83="","",N('Classe CE1'!N83)) | S403: =IF('Classe CE1'!$B83="","",N('Classe CE1'!O83)) | T403: =IF('Classe CE1'!$B83="","",N('Classe CE1'!P83))
A404: =IF('Classe CE2'!$B4="","",IF('Classe CE2'!A4="","",'Classe CE2'!A4)) | B404: =IF('Classe CE2'!$B4="","",IF('Classe CE2'!B4="","",'Classe CE2'!B4)) | C404: =IF('Classe CE2'!$B4="","",IF('Classe CE2'!C4="","",'Classe CE2'!C4)) | D404: =IF($B404="","",C404&" "&B404&" - "&E404) | E404: =IF($B404="","",Paramètres!$A$20) | F404: =IF($B404="","",Paramètres!$B$20) | G404: =IF('Classe CE2'!$B4="","",IF('Classe CE2'!D4="","",'Classe CE2'!D4)) | H404: =IF('Classe CE2'!$B4="","",IF('Classe CE2'!E4="","",'Classe CE2'!E4)) | I404: =IF('Classe CE2'!$B4="","",IF('Classe CE2'!F4="","",'Classe CE2'!F4)) | J404: =IF('Classe CE2'!$B4="","",IF('Classe CE2'!G4="","",'Classe CE2'!G4)) | K404: =IF('Classe CE2'!$B4="","",N('Classe CE2'!H4)) | L404: =IF('Classe CE2'!$B4="","",N('Classe CE2'!I4)) | M404: =IF('Classe CE2'!$B4="","",N('Classe CE2'!J4)) | N404: =IF('Classe CE2'!$B4="","",N('Classe CE2'!K4)) | O404: =IF('Classe CE2'!$B4="","",N('Classe CE2'!L4)) | P404: =IF('Classe CE2'!$B4="","",N('Classe CE2'!M4)) | Q404: =IF('Classe CE2'!$B4="","",IF('Classe CE2'!Q4="","",'Classe CE2'!Q4)) | R404: =IF('Classe CE2'!$B4="","",N('Classe CE2'!N4)) | S404: =IF('Classe CE2'!$B4="","",N('Classe CE2'!O4)) | T404: =IF('Classe CE2'!$B4="","",N('Classe CE2'!P4))
A405: =IF('Classe CE2'!$B5="","",IF('Classe CE2'!A5="","",'Classe CE2'!A5)) | B405: =IF('Classe CE2'!$B5="","",IF('Classe CE2'!B5="","",'Classe CE2'!B5)) | C405: =IF('Classe CE2'!$B5="","",IF('Classe CE2'!C5="","",'Classe CE2'!C5)) | D405: =IF($B405="","",C405&" "&B405&" - "&E405) | E405: =IF($B405="","",Paramètres!$A$20) | F405: =IF($B405="","",Paramètres!$B$20) | G405: =IF('Classe CE2'!$B5="","",IF('Classe CE2'!D5="","",'Classe CE2'!D5)) | H405: =IF('Classe CE2'!$B5="","",IF('Classe CE2'!E5="","",'Classe CE2'!E5)) | I405: =IF('Classe CE2'!$B5="","",IF('Classe CE2'!F5="","",'Classe CE2'!F5)) | J405: =IF('Classe CE2'!$B5="","",IF('Classe CE2'!G5="","",'Classe CE2'!G5)) | K405: =IF('Classe CE2'!$B5="","",N('Classe CE2'!H5)) | L405: =IF('Classe CE2'!$B5="","",N('Classe CE2'!I5)) | M405: =IF('Classe CE2'!$B5="","",N('Classe CE2'!J5)) | N405: =IF('Classe CE2'!$B5="","",N('Classe CE2'!K5)) | O405: =IF('Classe CE2'!$B5="","",N('Classe CE2'!L5)) | P405: =IF('Classe CE2'!$B5="","",N('Classe CE2'!M5)) | Q405: =IF('Classe CE2'!$B5="","",IF('Classe CE2'!Q5="","",'Classe CE2'!Q5)) | R405: =IF('Classe CE2'!$B5="","",N('Classe CE2'!N5)) | S405: =IF('Classe CE2'!$B5="","",N('Classe CE2'!O5)) | T405: =IF('Classe CE2'!$B5="","",N('Classe CE2'!P5))
A406: =IF('Classe CE2'!$B6="","",IF('Classe CE2'!A6="","",'Classe CE2'!A6)) | B406: =IF('Classe CE2'!$B6="","",IF('Classe CE2'!B6="","",'Classe CE2'!B6)) | C406: =IF('Classe CE2'!$B6="","",IF('Classe CE2'!C6="","",'Classe CE2'!C6)) | D406: =IF($B406="","",C406&" "&B406&" - "&E406) | E406: =IF($B406="","",Paramètres!$A$20) | F406: =IF($B406="","",Paramètres!$B$20) | G406: =IF('Classe CE2'!$B6="","",IF('Classe CE2'!D6="","",'Classe CE2'!D6)) | H406: =IF('Classe CE2'!$B6="","",IF('Classe CE2'!E6="","",'Classe CE2'!E6)) | I406: =IF('Classe CE2'!$B6="","",IF('Classe CE2'!F6="","",'Classe CE2'!F6)) | J406: =IF('Classe CE2'!$B6="","",IF('Classe CE2'!G6="","",'Classe CE2'!G6)) | K406: =IF('Classe CE2'!$B6="","",N('Classe CE2'!H6)) | L406: =IF('Classe CE2'!$B6="","",N('Classe CE2'!I6)) | M406: =IF('Classe CE2'!$B6="","",N('Classe CE2'!J6)) | N406: =IF('Classe CE2'!$B6="","",N('Classe CE2'!K6)) | O406: =IF('Classe CE2'!$B6="","",N('Classe CE2'!L6)) | P406: =IF('Classe CE2'!$B6="","",N('Classe CE2'!M6)) | Q406: =IF('Classe CE2'!$B6="","",IF('Classe CE2'!Q6="","",'Classe CE2'!Q6)) | R406: =IF('Classe CE2'!$B6="","",N('Classe CE2'!N6)) | S406: =IF('Classe CE2'!$B6="","",N('Classe CE2'!O6)) | T406: =IF('Classe CE2'!$B6="","",N('Classe CE2'!P6))
A407: =IF('Classe CE2'!$B7="","",IF('Classe CE2'!A7="","",'Classe CE2'!A7)) | B407: =IF('Classe CE2'!$B7="","",IF('Classe CE2'!B7="","",'Classe CE2'!B7)) | C407: =IF('Classe CE2'!$B7="","",IF('Classe CE2'!C7="","",'Classe CE2'!C7)) | D407: =IF($B407="","",C407&" "&B407&" - "&E407) | E407: =IF($B407="","",Paramètres!$A$20) | F407: =IF($B407="","",Paramètres!$B$20) | G407: =IF('Classe CE2'!$B7="","",IF('Classe CE2'!D7="","",'Classe CE2'!D7)) | H407: =IF('Classe CE2'!$B7="","",IF('Classe CE2'!E7="","",'Classe CE2'!E7)) | I407: =IF('Classe CE2'!$B7="","",IF('Classe CE2'!F7="","",'Classe CE2'!F7)) | J407: =IF('Classe CE2'!$B7="","",IF('Classe CE2'!G7="","",'Classe CE2'!G7)) | K407: =IF('Classe CE2'!$B7="","",N('Classe CE2'!H7)) | L407: =IF('Classe CE2'!$B7="","",N('Classe CE2'!I7)) | M407: =IF('Classe CE2'!$B7="","",N('Classe CE2'!J7)) | N407: =IF('Classe CE2'!$B7="","",N('Classe CE2'!K7)) | O407: =IF('Classe CE2'!$B7="","",N('Classe CE2'!L7)) | P407: =IF('Classe CE2'!$B7="","",N('Classe CE2'!M7)) | Q407: =IF('Classe CE2'!$B7="","",IF('Classe CE2'!Q7="","",'Classe CE2'!Q7)) | R407: =IF('Classe CE2'!$B7="","",N('Classe CE2'!N7)) | S407: =IF('Classe CE2'!$B7="","",N('Classe CE2'!O7)) | T407: =IF('Classe CE2'!$B7="","",N('Classe CE2'!P7))
A408: =IF('Classe CE2'!$B8="","",IF('Classe CE2'!A8="","",'Classe CE2'!A8)) | B408: =IF('Classe CE2'!$B8="","",IF('Classe CE2'!B8="","",'Classe CE2'!B8)) | C408: =IF('Classe CE2'!$B8="","",IF('Classe CE2'!C8="","",'Classe CE2'!C8)) | D408: =IF($B408="","",C408&" "&B408&" - "&E408) | E408: =IF($B408="","",Paramètres!$A$20) | F408: =IF($B408="","",Paramètres!$B$20) | G408: =IF('Classe CE2'!$B8="","",IF('Classe CE2'!D8="","",'Classe CE2'!D8)) | H408: =IF('Classe CE2'!$B8="","",IF('Classe CE2'!E8="","",'Classe CE2'!E8)) | I408: =IF('Classe CE2'!$B8="","",IF('Classe CE2'!F8="","",'Classe CE2'!F8)) | J408: =IF('Classe CE2'!$B8="","",IF('Classe CE2'!G8="","",'Classe CE2'!G8)) | K408: =IF('Classe CE2'!$B8="","",N('Classe CE2'!H8)) | L408: =IF('Classe CE2'!$B8="","",N('Classe CE2'!I8)) | M408: =IF('Classe CE2'!$B8="","",N('Classe CE2'!J8)) | N408: =IF('Classe CE2'!$B8="","",N('Classe CE2'!K8)) | O408: =IF('Classe CE2'!$B8="","",N('Classe CE2'!L8)) | P408: =IF('Classe CE2'!$B8="","",N('Classe CE2'!M8)) | Q408: =IF('Classe CE2'!$B8="","",IF('Classe CE2'!Q8="","",'Classe CE2'!Q8)) | R408: =IF('Classe CE2'!$B8="","",N('Classe CE2'!N8)) | S408: =IF('Classe CE2'!$B8="","",N('Classe CE2'!O8)) | T408: =IF('Classe CE2'!$B8="","",N('Classe CE2'!P8))
A409: =IF('Classe CE2'!$B9="","",IF('Classe CE2'!A9="","",'Classe CE2'!A9)) | B409: =IF('Classe CE2'!$B9="","",IF('Classe CE2'!B9="","",'Classe CE2'!B9)) | C409: =IF('Classe CE2'!$B9="","",IF('Classe CE2'!C9="","",'Classe CE2'!C9)) | D409: =IF($B409="","",C409&" "&B409&" - "&E409) | E409: =IF($B409="","",Paramètres!$A$20) | F409: =IF($B409="","",Paramètres!$B$20) | G409: =IF('Classe CE2'!$B9="","",IF('Classe CE2'!D9="","",'Classe CE2'!D9)) | H409: =IF('Classe CE2'!$B9="","",IF('Classe CE2'!E9="","",'Classe CE2'!E9)) | I409: =IF('Classe CE2'!$B9="","",IF('Classe CE2'!F9="","",'Classe CE2'!F9)) | J409: =IF('Classe CE2'!$B9="","",IF('Classe CE2'!G9="","",'Classe CE2'!G9)) | K409: =IF('Classe CE2'!$B9="","",N('Classe CE2'!H9)) | L409: =IF('Classe CE2'!$B9="","",N('Classe CE2'!I9)) | M409: =IF('Classe CE2'!$B9="","",N('Classe CE2'!J9)) | N409: =IF('Classe CE2'!$B9="","",N('Classe CE2'!K9)) | O409: =IF('Classe CE2'!$B9="","",N('Classe CE2'!L9)) | P409: =IF('Classe CE2'!$B9="","",N('Classe CE2'!M9)) | Q409: =IF('Classe CE2'!$B9="","",IF('Classe CE2'!Q9="","",'Classe CE2'!Q9)) | R409: =IF('Classe CE2'!$B9="","",N('Classe CE2'!N9)) | S409: =IF('Classe CE2'!$B9="","",N('Classe CE2'!O9)) | T409: =IF('Classe CE2'!$B9="","",N('Classe CE2'!P9))
A410: =IF('Classe CE2'!$B10="","",IF('Classe CE2'!A10="","",'Classe CE2'!A10)) | B410: =IF('Classe CE2'!$B10="","",IF('Classe CE2'!B10="","",'Classe CE2'!B10)) | C410: =IF('Classe CE2'!$B10="","",IF('Classe CE2'!C10="","",'Classe CE2'!C10)) | D410: =IF($B410="","",C410&" "&B410&" - "&E410) | E410: =IF($B410="","",Paramètres!$A$20) | F410: =IF($B410="","",Paramètres!$B$20) | G410: =IF('Classe CE2'!$B10="","",IF('Classe CE2'!D10="","",'Classe CE2'!D10)) | H410: =IF('Classe CE2'!$B10="","",IF('Classe CE2'!E10="","",'Classe CE2'!E10)) | I410: =IF('Classe CE2'!$B10="","",IF('Classe CE2'!F10="","",'Classe CE2'!F10)) | J410: =IF('Classe CE2'!$B10="","",IF('Classe CE2'!G10="","",'Classe CE2'!G10)) | K410: =IF('Classe CE2'!$B10="","",N('Classe CE2'!H10)) | L410: =IF('Classe CE2'!$B10="","",N('Classe CE2'!I10)) | M410: =IF('Classe CE2'!$B10="","",N('Classe CE2'!J10)) | N410: =IF('Classe CE2'!$B10="","",N('Classe CE2'!K10)) | O410: =IF('Classe CE2'!$B10="","",N('Classe CE2'!L10)) | P410: =IF('Classe CE2'!$B10="","",N('Classe CE2'!M10)) | Q410: =IF('Classe CE2'!$B10="","",IF('Classe CE2'!Q10="","",'Classe CE2'!Q10)) | R410: =IF('Classe CE2'!$B10="","",N('Classe CE2'!N10)) | S410: =IF('Classe CE2'!$B10="","",N('Classe CE2'!O10)) | T410: =IF('Classe CE2'!$B10="","",N('Classe CE2'!P10))
A411: =IF('Classe CE2'!$B11="","",IF('Classe CE2'!A11="","",'Classe CE2'!A11)) | B411: =IF('Classe CE2'!$B11="","",IF('Classe CE2'!B11="","",'Classe CE2'!B11)) | C411: =IF('Classe CE2'!$B11="","",IF('Classe CE2'!C11="","",'Classe CE2'!C11)) | D411: =IF($B411="","",C411&" "&B411&" - "&E411) | E411: =IF($B411="","",Paramètres!$A$20) | F411: =IF($B411="","",Paramètres!$B$20) | G411: =IF('Classe CE2'!$B11="","",IF('Classe CE2'!D11="","",'Classe CE2'!D11)) | H411: =IF('Classe CE2'!$B11="","",IF('Classe CE2'!E11="","",'Classe CE2'!E11)) | I411: =IF('Classe CE2'!$B11="","",IF('Classe CE2'!F11="","",'Classe CE2'!F11)) | J411: =IF('Classe CE2'!$B11="","",IF('Classe CE2'!G11="","",'Classe CE2'!G11)) | K411: =IF('Classe CE2'!$B11="","",N('Classe CE2'!H11)) | L411: =IF('Classe CE2'!$B11="","",N('Classe CE2'!I11)) | M411: =IF('Classe CE2'!$B11="","",N('Classe CE2'!J11)) | N411: =IF('Classe CE2'!$B11="","",N('Classe CE2'!K11)) | O411: =IF('Classe CE2'!$B11="","",N('Classe CE2'!L11)) | P411: =IF('Classe CE2'!$B11="","",N('Classe CE2'!M11)) | Q411: =IF('Classe CE2'!$B11="","",IF('Classe CE2'!Q11="","",'Classe CE2'!Q11)) | R411: =IF('Classe CE2'!$B11="","",N('Classe CE2'!N11)) | S411: =IF('Classe CE2'!$B11="","",N('Classe CE2'!O11)) | T411: =IF('Classe CE2'!$B11="","",N('Classe CE2'!P11))
A412: =IF('Classe CE2'!$B12="","",IF('Classe CE2'!A12="","",'Classe CE2'!A12)) | B412: =IF('Classe CE2'!$B12="","",IF('Classe CE2'!B12="","",'Classe CE2'!B12)) | C412: =IF('Classe CE2'!$B12="","",IF('Classe CE2'!C12="","",'Classe CE2'!C12)) | D412: =IF($B412="","",C412&" "&B412&" - "&E412) | E412: =IF($B412="","",Paramètres!$A$20) | F412: =IF($B412="","",Paramètres!$B$20) | G412: =IF('Classe CE2'!$B12="","",IF('Classe CE2'!D12="","",'Classe CE2'!D12)) | H412: =IF('Classe CE2'!$B12="","",IF('Classe CE2'!E12="","",'Classe CE2'!E12)) | I412: =IF('Classe CE2'!$B12="","",IF('Classe CE2'!F12="","",'Classe CE2'!F12)) | J412: =IF('Classe CE2'!$B12="","",IF('Classe CE2'!G12="","",'Classe CE2'!G12)) | K412: =IF('Classe CE2'!$B12="","",N('Classe CE2'!H12)) | L412: =IF('Classe CE2'!$B12="","",N('Classe CE2'!I12)) | M412: =IF('Classe CE2'!$B12="","",N('Classe CE2'!J12)) | N412: =IF('Classe CE2'!$B12="","",N('Classe CE2'!K12)) | O412: =IF('Classe CE2'!$B12="","",N('Classe CE2'!L12)) | P412: =IF('Classe CE2'!$B12="","",N('Classe CE2'!M12)) | Q412: =IF('Classe CE2'!$B12="","",IF('Classe CE2'!Q12="","",'Classe CE2'!Q12)) | R412: =IF('Classe CE2'!$B12="","",N('Classe CE2'!N12)) | S412: =IF('Classe CE2'!$B12="","",N('Classe CE2'!O12)) | T412: =IF('Classe CE2'!$B12="","",N('Classe CE2'!P12))
A413: =IF('Classe CE2'!$B13="","",IF('Classe CE2'!A13="","",'Classe CE2'!A13)) | B413: =IF('Classe CE2'!$B13="","",IF('Classe CE2'!B13="","",'Classe CE2'!B13)) | C413: =IF('Classe CE2'!$B13="","",IF('Classe CE2'!C13="","",'Classe CE2'!C13)) | D413: =IF($B413="","",C413&" "&B413&" - "&E413) | E413: =IF($B413="","",Paramètres!$A$20) | F413: =IF($B413="","",Paramètres!$B$20) | G413: =IF('Classe CE2'!$B13="","",IF('Classe CE2'!D13="","",'Classe CE2'!D13)) | H413: =IF('Classe CE2'!$B13="","",IF('Classe CE2'!E13="","",'Classe CE2'!E13)) | I413: =IF('Classe CE2'!$B13="","",IF('Classe CE2'!F13="","",'Classe CE2'!F13)) | J413: =IF('Classe CE2'!$B13="","",IF('Classe CE2'!G13="","",'Classe CE2'!G13)) | K413: =IF('Classe CE2'!$B13="","",N('Classe CE2'!H13)) | L413: =IF('Classe CE2'!$B13="","",N('Classe CE2'!I13)) | M413: =IF('Classe CE2'!$B13="","",N('Classe CE2'!J13)) | N413: =IF('Classe CE2'!$B13="","",N('Classe CE2'!K13)) | O413: =IF('Classe CE2'!$B13="","",N('Classe CE2'!L13)) | P413: =IF('Classe CE2'!$B13="","",N('Classe CE2'!M13)) | Q413: =IF('Classe CE2'!$B13="","",IF('Classe CE2'!Q13="","",'Classe CE2'!Q13)) | R413: =IF('Classe CE2'!$B13="","",N('Classe CE2'!N13)) | S413: =IF('Classe CE2'!$B13="","",N('Classe CE2'!O13)) | T413: =IF('Classe CE2'!$B13="","",N('Classe CE2'!P13))
A414: =IF('Classe CE2'!$B14="","",IF('Classe CE2'!A14="","",'Classe CE2'!A14)) | B414: =IF('Classe CE2'!$B14="","",IF('Classe CE2'!B14="","",'Classe CE2'!B14)) | C414: =IF('Classe CE2'!$B14="","",IF('Classe CE2'!C14="","",'Classe CE2'!C14)) | D414: =IF($B414="","",C414&" "&B414&" - "&E414) | E414: =IF($B414="","",Paramètres!$A$20) | F414: =IF($B414="","",Paramètres!$B$20) | G414: =IF('Classe CE2'!$B14="","",IF('Classe CE2'!D14="","",'Classe CE2'!D14)) | H414: =IF('Classe CE2'!$B14="","",IF('Classe CE2'!E14="","",'Classe CE2'!E14)) | I414: =IF('Classe CE2'!$B14="","",IF('Classe CE2'!F14="","",'Classe CE2'!F14)) | J414: =IF('Classe CE2'!$B14="","",IF('Classe CE2'!G14="","",'Classe CE2'!G14)) | K414: =IF('Classe CE2'!$B14="","",N('Classe CE2'!H14)) | L414: =IF('Classe CE2'!$B14="","",N('Classe CE2'!I14)) | M414: =IF('Classe CE2'!$B14="","",N('Classe CE2'!J14)) | N414: =IF('Classe CE2'!$B14="","",N('Classe CE2'!K14)) | O414: =IF('Classe CE2'!$B14="","",N('Classe CE2'!L14)) | P414: =IF('Classe CE2'!$B14="","",N('Classe CE2'!M14)) | Q414: =IF('Classe CE2'!$B14="","",IF('Classe CE2'!Q14="","",'Classe CE2'!Q14)) | R414: =IF('Classe CE2'!$B14="","",N('Classe CE2'!N14)) | S414: =IF('Classe CE2'!$B14="","",N('Classe CE2'!O14)) | T414: =IF('Classe CE2'!$B14="","",N('Classe CE2'!P14))
A415: =IF('Classe CE2'!$B15="","",IF('Classe CE2'!A15="","",'Classe CE2'!A15)) | B415: =IF('Classe CE2'!$B15="","",IF('Classe CE2'!B15="","",'Classe CE2'!B15)) | C415: =IF('Classe CE2'!$B15="","",IF('Classe CE2'!C15="","",'Classe CE2'!C15)) | D415: =IF($B415="","",C415&" "&B415&" - "&E415) | E415: =IF($B415="","",Paramètres!$A$20) | F415: =IF($B415="","",Paramètres!$B$20) | G415: =IF('Classe CE2'!$B15="","",IF('Classe CE2'!D15="","",'Classe CE2'!D15)) | H415: =IF('Classe CE2'!$B15="","",IF('Classe CE2'!E15="","",'Classe CE2'!E15)) | I415: =IF('Classe CE2'!$B15="","",IF('Classe CE2'!F15="","",'Classe CE2'!F15)) | J415: =IF('Classe CE2'!$B15="","",IF('Classe CE2'!G15="","",'Classe CE2'!G15)) | K415: =IF('Classe CE2'!$B15="","",N('Classe CE2'!H15)) | L415: =IF('Classe CE2'!$B15="","",N('Classe CE2'!I15)) | M415: =IF('Classe CE2'!$B15="","",N('Classe CE2'!J15)) | N415: =IF('Classe CE2'!$B15="","",N('Classe CE2'!K15)) | O415: =IF('Classe CE2'!$B15="","",N('Classe CE2'!L15)) | P415: =IF('Classe CE2'!$B15="","",N('Classe CE2'!M15)) | Q415: =IF('Classe CE2'!$B15="","",IF('Classe CE2'!Q15="","",'Classe CE2'!Q15)) | R415: =IF('Classe CE2'!$B15="","",N('Classe CE2'!N15)) | S415: =IF('Classe CE2'!$B15="","",N('Classe CE2'!O15)) | T415: =IF('Classe CE2'!$B15="","",N('Classe CE2'!P15))
... A483: =IF('Classe CE2'!$B83="","",IF('Classe CE2'!A83="","",'Classe CE2'!A83)) | B483: =IF('Classe CE2'!$B83="","",IF('Classe CE2'!B83="","",'Classe CE2'!B83)) | C483: =IF('Classe CE2'!$B83="","",IF('Classe CE2'!C83="","",'Classe CE2'!C83)) | D483: =IF($B483="","",C483&" "&B483&" - "&E483) | E483: =IF($B483="","",Paramètres!$A$20) | F483: =IF($B483="","",Paramètres!$B$20) | G483: =IF('Classe CE2'!$B83="","",IF('Classe CE2'!D83="","",'Classe CE2'!D83)) | H483: =IF('Classe CE2'!$B83="","",IF('Classe CE2'!E83="","",'Classe CE2'!E83)) | I483: =IF('Classe CE2'!$B83="","",IF('Classe CE2'!F83="","",'Classe CE2'!F83)) | J483: =IF('Classe CE2'!$B83="","",IF('Classe CE2'!G83="","",'Classe CE2'!G83)) | K483: =IF('Classe CE2'!$B83="","",N('Classe CE2'!H83)) | L483: =IF('Classe CE2'!$B83="","",N('Classe CE2'!I83)) | M483: =IF('Classe CE2'!$B83="","",N('Classe CE2'!J83)) | N483: =IF('Classe CE2'!$B83="","",N('Classe CE2'!K83)) | O483: =IF('Classe CE2'!$B83="","",N('Classe CE2'!L83)) | P483: =IF('Classe CE2'!$B83="","",N('Classe CE2'!M83)) | Q483: =IF('Classe CE2'!$B83="","",IF('Classe CE2'!Q83="","",'Classe CE2'!Q83)) | R483: =IF('Classe CE2'!$B83="","",N('Classe CE2'!N83)) | S483: =IF('Classe CE2'!$B83="","",N('Classe CE2'!O83)) | T483: =IF('Classe CE2'!$B83="","",N('Classe CE2'!P83))
A484: =IF('Classe CM1'!$B4="","",IF('Classe CM1'!A4="","",'Classe CM1'!A4)) | B484: =IF('Classe CM1'!$B4="","",IF('Classe CM1'!B4="","",'Classe CM1'!B4)) | C484: =IF('Classe CM1'!$B4="","",IF('Classe CM1'!C4="","",'Classe CM1'!C4)) | D484: =IF($B484="","",C484&" "&B484&" - "&E484) | E484: =IF($B484="","",Paramètres!$A$21) | F484: =IF($B484="","",Paramètres!$B$21) | G484: =IF('Classe CM1'!$B4="","",IF('Classe CM1'!D4="","",'Classe CM1'!D4)) | H484: =IF('Classe CM1'!$B4="","",IF('Classe CM1'!E4="","",'Classe CM1'!E4)) | I484: =IF('Classe CM1'!$B4="","",IF('Classe CM1'!F4="","",'Classe CM1'!F4)) | J484: =IF('Classe CM1'!$B4="","",IF('Classe CM1'!G4="","",'Classe CM1'!G4)) | K484: =IF('Classe CM1'!$B4="","",N('Classe CM1'!H4)) | L484: =IF('Classe CM1'!$B4="","",N('Classe CM1'!I4)) | M484: =IF('Classe CM1'!$B4="","",N('Classe CM1'!J4)) | N484: =IF('Classe CM1'!$B4="","",N('Classe CM1'!K4)) | O484: =IF('Classe CM1'!$B4="","",N('Classe CM1'!L4)) | P484: =IF('Classe CM1'!$B4="","",N('Classe CM1'!M4)) | Q484: =IF('Classe CM1'!$B4="","",IF('Classe CM1'!Q4="","",'Classe CM1'!Q4)) | R484: =IF('Classe CM1'!$B4="","",N('Classe CM1'!N4)) | S484: =IF('Classe CM1'!$B4="","",N('Classe CM1'!O4)) | T484: =IF('Classe CM1'!$B4="","",N('Classe CM1'!P4))
A485: =IF('Classe CM1'!$B5="","",IF('Classe CM1'!A5="","",'Classe CM1'!A5)) | B485: =IF('Classe CM1'!$B5="","",IF('Classe CM1'!B5="","",'Classe CM1'!B5)) | C485: =IF('Classe CM1'!$B5="","",IF('Classe CM1'!C5="","",'Classe CM1'!C5)) | D485: =IF($B485="","",C485&" "&B485&" - "&E485) | E485: =IF($B485="","",Paramètres!$A$21) | F485: =IF($B485="","",Paramètres!$B$21) | G485: =IF('Classe CM1'!$B5="","",IF('Classe CM1'!D5="","",'Classe CM1'!D5)) | H485: =IF('Classe CM1'!$B5="","",IF('Classe CM1'!E5="","",'Classe CM1'!E5)) | I485: =IF('Classe CM1'!$B5="","",IF('Classe CM1'!F5="","",'Classe CM1'!F5)) | J485: =IF('Classe CM1'!$B5="","",IF('Classe CM1'!G5="","",'Classe CM1'!G5)) | K485: =IF('Classe CM1'!$B5="","",N('Classe CM1'!H5)) | L485: =IF('Classe CM1'!$B5="","",N('Classe CM1'!I5)) | M485: =IF('Classe CM1'!$B5="","",N('Classe CM1'!J5)) | N485: =IF('Classe CM1'!$B5="","",N('Classe CM1'!K5)) | O485: =IF('Classe CM1'!$B5="","",N('Classe CM1'!L5)) | P485: =IF('Classe CM1'!$B5="","",N('Classe CM1'!M5)) | Q485: =IF('Classe CM1'!$B5="","",IF('Classe CM1'!Q5="","",'Classe CM1'!Q5)) | R485: =IF('Classe CM1'!$B5="","",N('Classe CM1'!N5)) | S485: =IF('Classe CM1'!$B5="","",N('Classe CM1'!O5)) | T485: =IF('Classe CM1'!$B5="","",N('Classe CM1'!P5))
A486: =IF('Classe CM1'!$B6="","",IF('Classe CM1'!A6="","",'Classe CM1'!A6)) | B486: =IF('Classe CM1'!$B6="","",IF('Classe CM1'!B6="","",'Classe CM1'!B6)) | C486: =IF('Classe CM1'!$B6="","",IF('Classe CM1'!C6="","",'Classe CM1'!C6)) | D486: =IF($B486="","",C486&" "&B486&" - "&E486) | E486: =IF($B486="","",Paramètres!$A$21) | F486: =IF($B486="","",Paramètres!$B$21) | G486: =IF('Classe CM1'!$B6="","",IF('Classe CM1'!D6="","",'Classe CM1'!D6)) | H486: =IF('Classe CM1'!$B6="","",IF('Classe CM1'!E6="","",'Classe CM1'!E6)) | I486: =IF('Classe CM1'!$B6="","",IF('Classe CM1'!F6="","",'Classe CM1'!F6)) | J486: =IF('Classe CM1'!$B6="","",IF('Classe CM1'!G6="","",'Classe CM1'!G6)) | K486: =IF('Classe CM1'!$B6="","",N('Classe CM1'!H6)) | L486: =IF('Classe CM1'!$B6="","",N('Classe CM1'!I6)) | M486: =IF('Classe CM1'!$B6="","",N('Classe CM1'!J6)) | N486: =IF('Classe CM1'!$B6="","",N('Classe CM1'!K6)) | O486: =IF('Classe CM1'!$B6="","",N('Classe CM1'!L6)) | P486: =IF('Classe CM1'!$B6="","",N('Classe CM1'!M6)) | Q486: =IF('Classe CM1'!$B6="","",IF('Classe CM1'!Q6="","",'Classe CM1'!Q6)) | R486: =IF('Classe CM1'!$B6="","",N('Classe CM1'!N6)) | S486: =IF('Classe CM1'!$B6="","",N('Classe CM1'!O6)) | T486: =IF('Classe CM1'!$B6="","",N('Classe CM1'!P6))
A487: =IF('Classe CM1'!$B7="","",IF('Classe CM1'!A7="","",'Classe CM1'!A7)) | B487: =IF('Classe CM1'!$B7="","",IF('Classe CM1'!B7="","",'Classe CM1'!B7)) | C487: =IF('Classe CM1'!$B7="","",IF('Classe CM1'!C7="","",'Classe CM1'!C7)) | D487: =IF($B487="","",C487&" "&B487&" - "&E487) | E487: =IF($B487="","",Paramètres!$A$21) | F487: =IF($B487="","",Paramètres!$B$21) | G487: =IF('Classe CM1'!$B7="","",IF('Classe CM1'!D7="","",'Classe CM1'!D7)) | H487: =IF('Classe CM1'!$B7="","",IF('Classe CM1'!E7="","",'Classe CM1'!E7)) | I487: =IF('Classe CM1'!$B7="","",IF('Classe CM1'!F7="","",'Classe CM1'!F7)) | J487: =IF('Classe CM1'!$B7="","",IF('Classe CM1'!G7="","",'Classe CM1'!G7)) | K487: =IF('Classe CM1'!$B7="","",N('Classe CM1'!H7)) | L487: =IF('Classe CM1'!$B7="","",N('Classe CM1'!I7)) | M487: =IF('Classe CM1'!$B7="","",N('Classe CM1'!J7)) | N487: =IF('Classe CM1'!$B7="","",N('Classe CM1'!K7)) | O487: =IF('Classe CM1'!$B7="","",N('Classe CM1'!L7)) | P487: =IF('Classe CM1'!$B7="","",N('Classe CM1'!M7)) | Q487: =IF('Classe CM1'!$B7="","",IF('Classe CM1'!Q7="","",'Classe CM1'!Q7)) | R487: =IF('Classe CM1'!$B7="","",N('Classe CM1'!N7)) | S487: =IF('Classe CM1'!$B7="","",N('Classe CM1'!O7)) | T487: =IF('Classe CM1'!$B7="","",N('Classe CM1'!P7))
A488: =IF('Classe CM1'!$B8="","",IF('Classe CM1'!A8="","",'Classe CM1'!A8)) | B488: =IF('Classe CM1'!$B8="","",IF('Classe CM1'!B8="","",'Classe CM1'!B8)) | C488: =IF('Classe CM1'!$B8="","",IF('Classe CM1'!C8="","",'Classe CM1'!C8)) | D488: =IF($B488="","",C488&" "&B488&" - "&E488) | E488: =IF($B488="","",Paramètres!$A$21) | F488: =IF($B488="","",Paramètres!$B$21) | G488: =IF('Classe CM1'!$B8="","",IF('Classe CM1'!D8="","",'Classe CM1'!D8)) | H488: =IF('Classe CM1'!$B8="","",IF('Classe CM1'!E8="","",'Classe CM1'!E8)) | I488: =IF('Classe CM1'!$B8="","",IF('Classe CM1'!F8="","",'Classe CM1'!F8)) | J488: =IF('Classe CM1'!$B8="","",IF('Classe CM1'!G8="","",'Classe CM1'!G8)) | K488: =IF('Classe CM1'!$B8="","",N('Classe CM1'!H8)) | L488: =IF('Classe CM1'!$B8="","",N('Classe CM1'!I8)) | M488: =IF('Classe CM1'!$B8="","",N('Classe CM1'!J8)) | N488: =IF('Classe CM1'!$B8="","",N('Classe CM1'!K8)) | O488: =IF('Classe CM1'!$B8="","",N('Classe CM1'!L8)) | P488: =IF('Classe CM1'!$B8="","",N('Classe CM1'!M8)) | Q488: =IF('Classe CM1'!$B8="","",IF('Classe CM1'!Q8="","",'Classe CM1'!Q8)) | R488: =IF('Classe CM1'!$B8="","",N('Classe CM1'!N8)) | S488: =IF('Classe CM1'!$B8="","",N('Classe CM1'!O8)) | T488: =IF('Classe CM1'!$B8="","",N('Classe CM1'!P8))
A489: =IF('Classe CM1'!$B9="","",IF('Classe CM1'!A9="","",'Classe CM1'!A9)) | B489: =IF('Classe CM1'!$B9="","",IF('Classe CM1'!B9="","",'Classe CM1'!B9)) | C489: =IF('Classe CM1'!$B9="","",IF('Classe CM1'!C9="","",'Classe CM1'!C9)) | D489: =IF($B489="","",C489&" "&B489&" - "&E489) | E489: =IF($B489="","",Paramètres!$A$21) | F489: =IF($B489="","",Paramètres!$B$21) | G489: =IF('Classe CM1'!$B9="","",IF('Classe CM1'!D9="","",'Classe CM1'!D9)) | H489: =IF('Classe CM1'!$B9="","",IF('Classe CM1'!E9="","",'Classe CM1'!E9)) | I489: =IF('Classe CM1'!$B9="","",IF('Classe CM1'!F9="","",'Classe CM1'!F9)) | J489: =IF('Classe CM1'!$B9="","",IF('Classe CM1'!G9="","",'Classe CM1'!G9)) | K489: =IF('Classe CM1'!$B9="","",N('Classe CM1'!H9)) | L489: =IF('Classe CM1'!$B9="","",N('Classe CM1'!I9)) | M489: =IF('Classe CM1'!$B9="","",N('Classe CM1'!J9)) | N489: =IF('Classe CM1'!$B9="","",N('Classe CM1'!K9)) | O489: =IF('Classe CM1'!$B9="","",N('Classe CM1'!L9)) | P489: =IF('Classe CM1'!$B9="","",N('Classe CM1'!M9)) | Q489: =IF('Classe CM1'!$B9="","",IF('Classe CM1'!Q9="","",'Classe CM1'!Q9)) | R489: =IF('Classe CM1'!$B9="","",N('Classe CM1'!N9)) | S489: =IF('Classe CM1'!$B9="","",N('Classe CM1'!O9)) | T489: =IF('Classe CM1'!$B9="","",N('Classe CM1'!P9))
A490: =IF('Classe CM1'!$B10="","",IF('Classe CM1'!A10="","",'Classe CM1'!A10)) | B490: =IF('Classe CM1'!$B10="","",IF('Classe CM1'!B10="","",'Classe CM1'!B10)) | C490: =IF('Classe CM1'!$B10="","",IF('Classe CM1'!C10="","",'Classe CM1'!C10)) | D490: =IF($B490="","",C490&" "&B490&" - "&E490) | E490: =IF($B490="","",Paramètres!$A$21) | F490: =IF($B490="","",Paramètres!$B$21) | G490: =IF('Classe CM1'!$B10="","",IF('Classe CM1'!D10="","",'Classe CM1'!D10)) | H490: =IF('Classe CM1'!$B10="","",IF('Classe CM1'!E10="","",'Classe CM1'!E10)) | I490: =IF('Classe CM1'!$B10="","",IF('Classe CM1'!F10="","",'Classe CM1'!F10)) | J490: =IF('Classe CM1'!$B10="","",IF('Classe CM1'!G10="","",'Classe CM1'!G10)) | K490: =IF('Classe CM1'!$B10="","",N('Classe CM1'!H10)) | L490: =IF('Classe CM1'!$B10="","",N('Classe CM1'!I10)) | M490: =IF('Classe CM1'!$B10="","",N('Classe CM1'!J10)) | N490: =IF('Classe CM1'!$B10="","",N('Classe CM1'!K10)) | O490: =IF('Classe CM1'!$B10="","",N('Classe CM1'!L10)) | P490: =IF('Classe CM1'!$B10="","",N('Classe CM1'!M10)) | Q490: =IF('Classe CM1'!$B10="","",IF('Classe CM1'!Q10="","",'Classe CM1'!Q10)) | R490: =IF('Classe CM1'!$B10="","",N('Classe CM1'!N10)) | S490: =IF('Classe CM1'!$B10="","",N('Classe CM1'!O10)) | T490: =IF('Classe CM1'!$B10="","",N('Classe CM1'!P10))
A491: =IF('Classe CM1'!$B11="","",IF('Classe CM1'!A11="","",'Classe CM1'!A11)) | B491: =IF('Classe CM1'!$B11="","",IF('Classe CM1'!B11="","",'Classe CM1'!B11)) | C491: =IF('Classe CM1'!$B11="","",IF('Classe CM1'!C11="","",'Classe CM1'!C11)) | D491: =IF($B491="","",C491&" "&B491&" - "&E491) | E491: =IF($B491="","",Paramètres!$A$21) | F491: =IF($B491="","",Paramètres!$B$21) | G491: =IF('Classe CM1'!$B11="","",IF('Classe CM1'!D11="","",'Classe CM1'!D11)) | H491: =IF('Classe CM1'!$B11="","",IF('Classe CM1'!E11="","",'Classe CM1'!E11)) | I491: =IF('Classe CM1'!$B11="","",IF('Classe CM1'!F11="","",'Classe CM1'!F11)) | J491: =IF('Classe CM1'!$B11="","",IF('Classe CM1'!G11="","",'Classe CM1'!G11)) | K491: =IF('Classe CM1'!$B11="","",N('Classe CM1'!H11)) | L491: =IF('Classe CM1'!$B11="","",N('Classe CM1'!I11)) | M491: =IF('Classe CM1'!$B11="","",N('Classe CM1'!J11)) | N491: =IF('Classe CM1'!$B11="","",N('Classe CM1'!K11)) | O491: =IF('Classe CM1'!$B11="","",N('Classe CM1'!L11)) | P491: =IF('Classe CM1'!$B11="","",N('Classe CM1'!M11)) | Q491: =IF('Classe CM1'!$B11="","",IF('Classe CM1'!Q11="","",'Classe CM1'!Q11)) | R491: =IF('Classe CM1'!$B11="","",N('Classe CM1'!N11)) | S491: =IF('Classe CM1'!$B11="","",N('Classe CM1'!O11)) | T491: =IF('Classe CM1'!$B11="","",N('Classe CM1'!P11))
A492: =IF('Classe CM1'!$B12="","",IF('Classe CM1'!A12="","",'Classe CM1'!A12)) | B492: =IF('Classe CM1'!$B12="","",IF('Classe CM1'!B12="","",'Classe CM1'!B12)) | C492: =IF('Classe CM1'!$B12="","",IF('Classe CM1'!C12="","",'Classe CM1'!C12)) | D492: =IF($B492="","",C492&" "&B492&" - "&E492) | E492: =IF($B492="","",Paramètres!$A$21) | F492: =IF($B492="","",Paramètres!$B$21) | G492: =IF('Classe CM1'!$B12="","",IF('Classe CM1'!D12="","",'Classe CM1'!D12)) | H492: =IF('Classe CM1'!$B12="","",IF('Classe CM1'!E12="","",'Classe CM1'!E12)) | I492: =IF('Classe CM1'!$B12="","",IF('Classe CM1'!F12="","",'Classe CM1'!F12)) | J492: =IF('Classe CM1'!$B12="","",IF('Classe CM1'!G12="","",'Classe CM1'!G12)) | K492: =IF('Classe CM1'!$B12="","",N('Classe CM1'!H12)) | L492: =IF('Classe CM1'!$B12="","",N('Classe CM1'!I12)) | M492: =IF('Classe CM1'!$B12="","",N('Classe CM1'!J12)) | N492: =IF('Classe CM1'!$B12="","",N('Classe CM1'!K12)) | O492: =IF('Classe CM1'!$B12="","",N('Classe CM1'!L12)) | P492: =IF('Classe CM1'!$B12="","",N('Classe CM1'!M12)) | Q492: =IF('Classe CM1'!$B12="","",IF('Classe CM1'!Q12="","",'Classe CM1'!Q12)) | R492: =IF('Classe CM1'!$B12="","",N('Classe CM1'!N12)) | S492: =IF('Classe CM1'!$B12="","",N('Classe CM1'!O12)) | T492: =IF('Classe CM1'!$B12="","",N('Classe CM1'!P12))
A493: =IF('Classe CM1'!$B13="","",IF('Classe CM1'!A13="","",'Classe CM1'!A13)) | B493: =IF('Classe CM1'!$B13="","",IF('Classe CM1'!B13="","",'Classe CM1'!B13)) | C493: =IF('Classe CM1'!$B13="","",IF('Classe CM1'!C13="","",'Classe CM1'!C13)) | D493: =IF($B493="","",C493&" "&B493&" - "&E493) | E493: =IF($B493="","",Paramètres!$A$21) | F493: =IF($B493="","",Paramètres!$B$21) | G493: =IF('Classe CM1'!$B13="","",IF('Classe CM1'!D13="","",'Classe CM1'!D13)) | H493: =IF('Classe CM1'!$B13="","",IF('Classe CM1'!E13="","",'Classe CM1'!E13)) | I493: =IF('Classe CM1'!$B13="","",IF('Classe CM1'!F13="","",'Classe CM1'!F13)) | J493: =IF('Classe CM1'!$B13="","",IF('Classe CM1'!G13="","",'Classe CM1'!G13)) | K493: =IF('Classe CM1'!$B13="","",N('Classe CM1'!H13)) | L493: =IF('Classe CM1'!$B13="","",N('Classe CM1'!I13)) | M493: =IF('Classe CM1'!$B13="","",N('Classe CM1'!J13)) | N493: =IF('Classe CM1'!$B13="","",N('Classe CM1'!K13)) | O493: =IF('Classe CM1'!$B13="","",N('Classe CM1'!L13)) | P493: =IF('Classe CM1'!$B13="","",N('Classe CM1'!M13)) | Q493: =IF('Classe CM1'!$B13="","",IF('Classe CM1'!Q13="","",'Classe CM1'!Q13)) | R493: =IF('Classe CM1'!$B13="","",N('Classe CM1'!N13)) | S493: =IF('Classe CM1'!$B13="","",N('Classe CM1'!O13)) | T493: =IF('Classe CM1'!$B13="","",N('Classe CM1'!P13))
A494: =IF('Classe CM1'!$B14="","",IF('Classe CM1'!A14="","",'Classe CM1'!A14)) | B494: =IF('Classe CM1'!$B14="","",IF('Classe CM1'!B14="","",'Classe CM1'!B14)) | C494: =IF('Classe CM1'!$B14="","",IF('Classe CM1'!C14="","",'Classe CM1'!C14)) | D494: =IF($B494="","",C494&" "&B494&" - "&E494) | E494: =IF($B494="","",Paramètres!$A$21) | F494: =IF($B494="","",Paramètres!$B$21) | G494: =IF('Classe CM1'!$B14="","",IF('Classe CM1'!D14="","",'Classe CM1'!D14)) | H494: =IF('Classe CM1'!$B14="","",IF('Classe CM1'!E14="","",'Classe CM1'!E14)) | I494: =IF('Classe CM1'!$B14="","",IF('Classe CM1'!F14="","",'Classe CM1'!F14)) | J494: =IF('Classe CM1'!$B14="","",IF('Classe CM1'!G14="","",'Classe CM1'!G14)) | K494: =IF('Classe CM1'!$B14="","",N('Classe CM1'!H14)) | L494: =IF('Classe CM1'!$B14="","",N('Classe CM1'!I14)) | M494: =IF('Classe CM1'!$B14="","",N('Classe CM1'!J14)) | N494: =IF('Classe CM1'!$B14="","",N('Classe CM1'!K14)) | O494: =IF('Classe CM1'!$B14="","",N('Classe CM1'!L14)) | P494: =IF('Classe CM1'!$B14="","",N('Classe CM1'!M14)) | Q494: =IF('Classe CM1'!$B14="","",IF('Classe CM1'!Q14="","",'Classe CM1'!Q14)) | R494: =IF('Classe CM1'!$B14="","",N('Classe CM1'!N14)) | S494: =IF('Classe CM1'!$B14="","",N('Classe CM1'!O14)) | T494: =IF('Classe CM1'!$B14="","",N('Classe CM1'!P14))
A495: =IF('Classe CM1'!$B15="","",IF('Classe CM1'!A15="","",'Classe CM1'!A15)) | B495: =IF('Classe CM1'!$B15="","",IF('Classe CM1'!B15="","",'Classe CM1'!B15)) | C495: =IF('Classe CM1'!$B15="","",IF('Classe CM1'!C15="","",'Classe CM1'!C15)) | D495: =IF($B495="","",C495&" "&B495&" - "&E495) | E495: =IF($B495="","",Paramètres!$A$21) | F495: =IF($B495="","",Paramètres!$B$21) | G495: =IF('Classe CM1'!$B15="","",IF('Classe CM1'!D15="","",'Classe CM1'!D15)) | H495: =IF('Classe CM1'!$B15="","",IF('Classe CM1'!E15="","",'Classe CM1'!E15)) | I495: =IF('Classe CM1'!$B15="","",IF('Classe CM1'!F15="","",'Classe CM1'!F15)) | J495: =IF('Classe CM1'!$B15="","",IF('Classe CM1'!G15="","",'Classe CM1'!G15)) | K495: =IF('Classe CM1'!$B15="","",N('Classe CM1'!H15)) | L495: =IF('Classe CM1'!$B15="","",N('Classe CM1'!I15)) | M495: =IF('Classe CM1'!$B15="","",N('Classe CM1'!J15)) | N495: =IF('Classe CM1'!$B15="","",N('Classe CM1'!K15)) | O495: =IF('Classe CM1'!$B15="","",N('Classe CM1'!L15)) | P495: =IF('Classe CM1'!$B15="","",N('Classe CM1'!M15)) | Q495: =IF('Classe CM1'!$B15="","",IF('Classe CM1'!Q15="","",'Classe CM1'!Q15)) | R495: =IF('Classe CM1'!$B15="","",N('Classe CM1'!N15)) | S495: =IF('Classe CM1'!$B15="","",N('Classe CM1'!O15)) | T495: =IF('Classe CM1'!$B15="","",N('Classe CM1'!P15))
... A563: =IF('Classe CM1'!$B83="","",IF('Classe CM1'!A83="","",'Classe CM1'!A83)) | B563: =IF('Classe CM1'!$B83="","",IF('Classe CM1'!B83="","",'Classe CM1'!B83)) | C563: =IF('Classe CM1'!$B83="","",IF('Classe CM1'!C83="","",'Classe CM1'!C83)) | D563: =IF($B563="","",C563&" "&B563&" - "&E563) | E563: =IF($B563="","",Paramètres!$A$21) | F563: =IF($B563="","",Paramètres!$B$21) | G563: =IF('Classe CM1'!$B83="","",IF('Classe CM1'!D83="","",'Classe CM1'!D83)) | H563: =IF('Classe CM1'!$B83="","",IF('Classe CM1'!E83="","",'Classe CM1'!E83)) | I563: =IF('Classe CM1'!$B83="","",IF('Classe CM1'!F83="","",'Classe CM1'!F83)) | J563: =IF('Classe CM1'!$B83="","",IF('Classe CM1'!G83="","",'Classe CM1'!G83)) | K563: =IF('Classe CM1'!$B83="","",N('Classe CM1'!H83)) | L563: =IF('Classe CM1'!$B83="","",N('Classe CM1'!I83)) | M563: =IF('Classe CM1'!$B83="","",N('Classe CM1'!J83)) | N563: =IF('Classe CM1'!$B83="","",N('Classe CM1'!K83)) | O563: =IF('Classe CM1'!$B83="","",N('Classe CM1'!L83)) | P563: =IF('Classe CM1'!$B83="","",N('Classe CM1'!M83)) | Q563: =IF('Classe CM1'!$B83="","",IF('Classe CM1'!Q83="","",'Classe CM1'!Q83)) | R563: =IF('Classe CM1'!$B83="","",N('Classe CM1'!N83)) | S563: =IF('Classe CM1'!$B83="","",N('Classe CM1'!O83)) | T563: =IF('Classe CM1'!$B83="","",N('Classe CM1'!P83))
A564: =IF('Classe CM2'!$B4="","",IF('Classe CM2'!A4="","",'Classe CM2'!A4)) | B564: =IF('Classe CM2'!$B4="","",IF('Classe CM2'!B4="","",'Classe CM2'!B4)) | C564: =IF('Classe CM2'!$B4="","",IF('Classe CM2'!C4="","",'Classe CM2'!C4)) | D564: =IF($B564="","",C564&" "&B564&" - "&E564) | E564: =IF($B564="","",Paramètres!$A$22) | F564: =IF($B564="","",Paramètres!$B$22) | G564: =IF('Classe CM2'!$B4="","",IF('Classe CM2'!D4="","",'Classe CM2'!D4)) | H564: =IF('Classe CM2'!$B4="","",IF('Classe CM2'!E4="","",'Classe CM2'!E4)) | I564: =IF('Classe CM2'!$B4="","",IF('Classe CM2'!F4="","",'Classe CM2'!F4)) | J564: =IF('Classe CM2'!$B4="","",IF('Classe CM2'!G4="","",'Classe CM2'!G4)) | K564: =IF('Classe CM2'!$B4="","",N('Classe CM2'!H4)) | L564: =IF('Classe CM2'!$B4="","",N('Classe CM2'!I4)) | M564: =IF('Classe CM2'!$B4="","",N('Classe CM2'!J4)) | N564: =IF('Classe CM2'!$B4="","",N('Classe CM2'!K4)) | O564: =IF('Classe CM2'!$B4="","",N('Classe CM2'!L4)) | P564: =IF('Classe CM2'!$B4="","",N('Classe CM2'!M4)) | Q564: =IF('Classe CM2'!$B4="","",IF('Classe CM2'!Q4="","",'Classe CM2'!Q4)) | R564: =IF('Classe CM2'!$B4="","",N('Classe CM2'!N4)) | S564: =IF('Classe CM2'!$B4="","",N('Classe CM2'!O4)) | T564: =IF('Classe CM2'!$B4="","",N('Classe CM2'!P4))
A565: =IF('Classe CM2'!$B5="","",IF('Classe CM2'!A5="","",'Classe CM2'!A5)) | B565: =IF('Classe CM2'!$B5="","",IF('Classe CM2'!B5="","",'Classe CM2'!B5)) | C565: =IF('Classe CM2'!$B5="","",IF('Classe CM2'!C5="","",'Classe CM2'!C5)) | D565: =IF($B565="","",C565&" "&B565&" - "&E565) | E565: =IF($B565="","",Paramètres!$A$22) | F565: =IF($B565="","",Paramètres!$B$22) | G565: =IF('Classe CM2'!$B5="","",IF('Classe CM2'!D5="","",'Classe CM2'!D5)) | H565: =IF('Classe CM2'!$B5="","",IF('Classe CM2'!E5="","",'Classe CM2'!E5)) | I565: =IF('Classe CM2'!$B5="","",IF('Classe CM2'!F5="","",'Classe CM2'!F5)) | J565: =IF('Classe CM2'!$B5="","",IF('Classe CM2'!G5="","",'Classe CM2'!G5)) | K565: =IF('Classe CM2'!$B5="","",N('Classe CM2'!H5)) | L565: =IF('Classe CM2'!$B5="","",N('Classe CM2'!I5)) | M565: =IF('Classe CM2'!$B5="","",N('Classe CM2'!J5)) | N565: =IF('Classe CM2'!$B5="","",N('Classe CM2'!K5)) | O565: =IF('Classe CM2'!$B5="","",N('Classe CM2'!L5)) | P565: =IF('Classe CM2'!$B5="","",N('Classe CM2'!M5)) | Q565: =IF('Classe CM2'!$B5="","",IF('Classe CM2'!Q5="","",'Classe CM2'!Q5)) | R565: =IF('Classe CM2'!$B5="","",N('Classe CM2'!N5)) | S565: =IF('Classe CM2'!$B5="","",N('Classe CM2'!O5)) | T565: =IF('Classe CM2'!$B5="","",N('Classe CM2'!P5))
